[B@45eba91d,[B@59dfde8e,pages,3,8216,2022-09-22T14:04:55.729+02:00,0
[B@737e5e15,[B@1c5819d2,pages,3,8217,2022-09-22T14:05:00.720+02:00,0
[B@463e805,[B@23ef6da9,pages,3,8218,2022-09-22T14:05:03.043+02:00,0
[B@22600137,[B@7eaa0a20,pages,3,8219,2022-09-22T14:05:03.376+02:00,0
[B@6592f630,[B@3dc84d0e,pages,3,8220,2022-09-22T14:05:04.365+02:00,0
[B@1f039a39,[B@315678f3,pages,3,8221,2022-09-22T14:05:05.032+02:00,0
[B@43072b9f,[B@3cd8becc,pages,3,8222,2022-09-22T14:05:07.693+02:00,0
[B@3f89393c,[B@3d9a5fde,pages,3,8223,2022-09-22T14:05:09.329+02:00,0
[B@47bbd021,[B@3e6c28c4,pages,3,8224,2022-09-22T14:05:09.987+02:00,0
[B@48daa6ec,[B@27516486,pages,3,8225,2022-09-22T14:05:14.627+02:00,0
[B@3ef29295,[B@6107b787,pages,3,8226,2022-09-22T14:05:20.635+02:00,0
[B@7c77808d,[B@502eaed1,pages,3,8227,2022-09-22T14:05:25.281+02:00,0
[B@7ae2f87b,[B@2685d32f,pages,3,8228,2022-09-22T14:05:27.247+02:00,0
[B@66364c9a,[B@434b2eab,pages,3,8229,2022-09-22T14:05:27.905+02:00,0
[B@2e873799,[B@269385cd,pages,3,8230,2022-09-22T14:05:29.565+02:00,0
[B@72954f19,[B@68310996,pages,3,8231,2022-09-22T14:05:38.887+02:00,0
[B@7f1dd0f6,[B@451a9f35,pages,3,8232,2022-09-22T14:05:39.551+02:00,0
[B@1d2ffd08,[B@7d322a82,pages,3,8233,2022-09-22T14:05:43.200+02:00,0
[B@6cb9cfb2,[B@7dcb0627,pages,3,8234,2022-09-22T14:05:47.152+02:00,0
[B@1fee732b,[B@73e43c6e,pages,3,8235,2022-09-22T14:05:48.127+02:00,0
[B@5102b9ff,[B@74dd67c6,pages,3,8236,2022-09-22T14:05:51.775+02:00,0
[B@1846255d,[B@4a936d77,pages,3,8237,2022-09-22T14:05:53.100+02:00,0
[B@e9af89b,[B@11664dd9,pages,3,8238,2022-09-22T14:05:53.437+02:00,0
[B@3823ee65,[B@698ac4c3,pages,3,8239,2022-09-22T14:05:55.400+02:00,0
[B@300db749,[B@13262c14,pages,3,8240,2022-09-22T14:05:56.063+02:00,0
[B@3451a8d3,[B@bc2ce46,pages,3,8241,2022-09-22T14:05:56.399+02:00,0
[B@56a89788,[B@744c57c5,pages,3,8242,2022-09-22T14:05:57.374+02:00,0
[B@4d626eaf,[B@504f39bb,pages,3,8243,2022-09-22T14:06:00.670+02:00,0
[B@4249f0ed,[B@542d751e,pages,3,8244,2022-09-22T14:06:05.625+02:00,0
[B@ae46e22,[B@234f0c24,pages,3,8245,2022-09-22T14:06:05.962+02:00,0
[B@2e8c5e38,[B@11b65b72,pages,3,8246,2022-09-22T14:06:06.960+02:00,0
[B@380aa218,[B@637fb711,pages,3,8247,2022-09-22T14:06:07.615+02:00,0
[B@2f4e48d8,[B@c00fb88,pages,3,8248,2022-09-22T14:06:07.949+02:00,0
[B@61f79272,[B@7f2e6662,pages,3,8249,2022-09-22T14:06:09.921+02:00,0
[B@22fbe9d7,[B@29ac9abb,pages,3,8250,2022-09-22T14:06:10.244+02:00,0
[B@7415f9fe,[B@78048c68,pages,3,8251,2022-09-22T14:06:10.579+02:00,0
[B@5cc77ee,[B@48f85cae,pages,3,8252,2022-09-22T14:06:14.565+02:00,0
[B@13799646,[B@4fc22f8d,pages,3,8253,2022-09-22T14:06:15.242+02:00,0
[B@2957529c,[B@23407634,pages,3,8254,2022-09-22T14:06:15.905+02:00,0
[B@7cd40fbc,[B@2234e9ec,pages,3,8255,2022-09-22T14:06:16.571+02:00,0
[B@31e48c84,[B@11b5bd5a,pages,3,8256,2022-09-22T14:06:16.906+02:00,0
[B@4d40f93f,[B@483e02f2,pages,3,8257,2022-09-22T14:06:18.559+02:00,0
[B@5d2b27dd,[B@61c80e4f,pages,3,8258,2022-09-22T14:06:20.532+02:00,0
[B@2b0b8a48,[B@139a3449,pages,3,8259,2022-09-22T14:06:25.161+02:00,0
[B@170bfc28,[B@369032f0,pages,3,8260,2022-09-22T14:06:26.840+02:00,0
[B@41bea7a0,[B@3c4eba2,pages,3,8261,2022-09-22T14:06:28.471+02:00,0
[B@4b66bd4e,[B@7cd60160,pages,3,8262,2022-09-22T14:06:32.118+02:00,0
[B@48e13afd,[B@6c5c51b8,pages,3,8263,2022-09-22T14:06:33.446+02:00,0
[B@12ae1db0,[B@5e3fc384,pages,3,8264,2022-09-22T14:06:34.764+02:00,0
[B@1f482c6c,[B@11176fac,pages,3,8265,2022-09-22T14:06:35.084+02:00,0
[B@7336a3a3,[B@53b57da2,pages,3,8266,2022-09-22T14:06:43.623+02:00,0
[B@dc010f4,[B@278074ef,pages,3,8267,2022-09-22T14:06:44.293+02:00,0
[B@61ede007,[B@194dd9f5,pages,3,8268,2022-09-22T14:06:44.619+02:00,0
[B@14073d98,[B@300404fb,pages,3,8269,2022-09-22T14:06:44.949+02:00,0
[B@3ee72724,[B@4992c37c,pages,3,8270,2022-09-22T14:06:45.626+02:00,0
[B@64d4dc2b,[B@74673f96,pages,3,8271,2022-09-22T14:06:46.968+02:00,0
[B@733ee839,[B@2c685c01,pages,3,8272,2022-09-22T14:06:48.309+02:00,0
[B@6e1fe823,[B@23c9f1f9,pages,3,8273,2022-09-22T14:06:48.957+02:00,0
[B@27b2aa99,[B@4954723a,pages,3,8274,2022-09-22T14:06:51.259+02:00,0
[B@589bd5c3,[B@34b1b110,pages,3,8275,2022-09-22T14:06:51.915+02:00,0
[B@6e5237d,[B@6cca4439,pages,3,8276,2022-09-22T14:06:52.245+02:00,0
[B@6af9a1ae,[B@53f9b4d0,pages,3,8277,2022-09-22T14:06:54.554+02:00,0
[B@7c289b19,[B@427de329,pages,3,8278,2022-09-22T14:06:55.873+02:00,0
[B@65aece19,[B@7befa948,pages,3,8279,2022-09-22T14:06:56.538+02:00,0
[B@43a7057f,[B@6e6ed289,pages,3,8280,2022-09-22T14:06:56.868+02:00,0
[B@7da3075b,[B@7b00444e,pages,3,8281,2022-09-22T14:06:57.852+02:00,0
[B@773aac,[B@18954ab1,pages,3,8282,2022-09-22T14:07:01.798+02:00,0
[B@7d691f27,[B@43216f0,pages,3,8283,2022-09-22T14:07:02.126+02:00,0
[B@3da9fe80,[B@f5beb46,pages,3,8284,2022-09-22T14:07:06.770+02:00,0
[B@3a7e4dad,[B@2eef5984,pages,3,8285,2022-09-22T14:07:07.767+02:00,0
[B@5c40ff27,[B@c113e32,pages,3,8286,2022-09-22T14:07:08.422+02:00,0
[B@44ca1938,[B@10bd4b5c,pages,3,8287,2022-09-22T14:07:09.728+02:00,0
[B@4bdf37ab,[B@4e3a604c,pages,3,8288,2022-09-22T14:07:11.734+02:00,0
[B@5a2da36a,[B@2030f4d8,pages,3,8289,2022-09-22T14:07:12.403+02:00,0
[B@1260fd1a,[B@f45c71a,pages,3,8290,2022-09-22T14:07:12.729+02:00,0
[B@38c4036b,[B@1ff5b69f,pages,3,8291,2022-09-22T14:07:19.374+02:00,0
[B@a681056,[B@2b347b16,pages,3,8292,2022-09-22T14:07:19.698+02:00,0
[B@3373fa40,[B@180e3ff,pages,3,8293,2022-09-22T14:07:21.683+02:00,0
[B@4b20a939,[B@43448780,pages,3,8294,2022-09-22T14:07:23.983+02:00,0
[B@6fc9c452,[B@69505d4f,pages,3,8295,2022-09-22T14:07:25.634+02:00,0
[B@2777483d,[B@40e8a3d4,pages,3,8296,2022-09-22T14:07:32.980+02:00,0
[B@61a214cf,[B@a739791,pages,3,8297,2022-09-22T14:07:34.632+02:00,0
[B@17581042,[B@12abf77e,pages,3,8298,2022-09-22T14:07:37.937+02:00,0
[B@635e8d88,[B@7587516d,pages,3,8299,2022-09-22T14:07:38.270+02:00,0
[B@220a859f,[B@6fd796a7,pages,3,8300,2022-09-22T14:07:42.556+02:00,0
[B@78727418,[B@37314e42,pages,3,8301,2022-09-22T14:07:44.892+02:00,0
[B@41611346,[B@1250d763,pages,3,8302,2022-09-22T14:07:45.548+02:00,0
[B@7969b385,[B@4497b1b4,pages,3,8303,2022-09-22T14:07:47.543+02:00,0
[B@d256143,[B@195a444b,pages,3,8304,2022-09-22T14:07:51.187+02:00,0
[B@2d1b397e,[B@54f83778,pages,3,8305,2022-09-22T14:07:52.497+02:00,0
[B@72f17bdd,[B@39c201d4,pages,3,8306,2022-09-22T14:07:57.113+02:00,0
[B@4de60f5b,[B@58b0b268,pages,3,8307,2022-09-22T14:07:58.113+02:00,0
[B@21e60530,[B@8836c79,pages,3,8308,2022-09-22T14:07:58.447+02:00,0
[B@756236e5,[B@289cf9d3,pages,3,8309,2022-09-22T14:07:59.776+02:00,0
[B@3942b675,[B@2a31f580,pages,3,8310,2022-09-22T14:08:04.435+02:00,0
[B@4e002b3d,[B@19d114f,pages,3,8311,2022-09-22T14:08:06.096+02:00,0
[B@2d40ee17,[B@8f893ca,pages,3,8312,2022-09-22T14:08:06.425+02:00,0
[B@47ee182b,[B@2e907ef0,pages,3,8313,2022-09-22T14:08:09.734+02:00,0
[B@40a0d63,[B@4820a8eb,pages,3,8314,2022-09-22T14:08:10.394+02:00,0
[B@7fb8ce84,[B@52f2487d,pages,3,8315,2022-09-22T14:08:14.385+02:00,0
[B@6c72655,[B@4beda196,pages,3,8316,2022-09-22T14:08:14.710+02:00,0
[B@72189a81,[B@32e9951f,pages,3,8317,2022-09-22T14:08:16.022+02:00,0
[B@da3f899,[B@2be409aa,pages,3,8318,2022-09-22T14:08:17.361+02:00,0
[B@1d1e42c5,[B@63a17d14,pages,3,8319,2022-09-22T14:08:17.708+02:00,0
[B@71d426c9,[B@7af6d800,pages,3,8320,2022-09-22T14:08:22.010+02:00,0
[B@1591a5f1,[B@7db0238a,pages,3,8321,2022-09-22T14:08:22.662+02:00,0
[B@2d82b09b,[B@61f85bf3,pages,3,8322,2022-09-22T14:08:23.969+02:00,0
[B@795ec410,[B@58e14c2,pages,3,8323,2022-09-22T14:08:24.293+02:00,0
[B@3db07a80,[B@1e349906,pages,3,8324,2022-09-22T14:08:24.630+02:00,0
[B@11c5b094,[B@64989e6a,pages,3,8325,2022-09-22T14:08:26.595+02:00,0
[B@5a428c03,[B@6084c2e4,pages,3,8326,2022-09-22T14:08:27.264+02:00,0
[B@5cf98f70,[B@7c32314b,pages,3,8327,2022-09-22T14:08:28.575+02:00,0
[B@32de885a,[B@748bef07,pages,3,8328,2022-09-22T14:08:31.555+02:00,0
[B@64196ce9,[B@94cb148,pages,3,8329,2022-09-22T14:08:32.232+02:00,0
[B@4f966463,[B@644e5941,pages,3,8330,2022-09-22T14:08:34.229+02:00,0
[B@4b9f1f05,[B@27b521cf,pages,3,8331,2022-09-22T14:08:36.196+02:00,0
[B@5b7cfc26,[B@4d6e3259,pages,3,8332,2022-09-22T14:08:36.533+02:00,0
[B@7eba6bc6,[B@700f9687,pages,3,8333,2022-09-22T14:08:38.517+02:00,0
[B@4caed96c,[B@706ec65a,pages,3,8334,2022-09-22T14:08:38.856+02:00,0
[B@5da767ca,[B@51906957,pages,3,8335,2022-09-22T14:08:44.481+02:00,0
[B@6b4fbfb0,[B@6d95e895,pages,3,8336,2022-09-22T14:08:44.817+02:00,0
[B@bea4bda,[B@59e25121,pages,3,8337,2022-09-22T14:08:45.156+02:00,0
[B@4fc6d792,[B@dd55fbf,pages,3,8338,2022-09-22T14:08:50.189+02:00,0
[B@54b87144,[B@1f9859ab,pages,3,8339,2022-09-22T14:08:52.147+02:00,0
[B@661b778d,[B@4194f456,pages,3,8340,2022-09-22T14:08:53.461+02:00,0
[B@56b18f71,[B@bb9c10d,pages,3,8341,2022-09-22T14:08:54.791+02:00,0
[B@36a368e8,[B@50f31c2e,pages,3,8342,2022-09-22T14:09:01.075+02:00,0
[B@a63db46,[B@4f97c2ae,pages,3,8343,2022-09-22T14:09:02.414+02:00,0
[B@625e079c,[B@2a847595,pages,3,8344,2022-09-22T14:09:03.400+02:00,0
[B@3e293268,[B@4f5a15b1,pages,3,8345,2022-09-22T14:09:05.377+02:00,0
[B@5daa9921,[B@540b77dc,pages,3,8346,2022-09-22T14:09:07.365+02:00,0
[B@2346b547,[B@3c2ecb03,pages,3,8347,2022-09-22T14:09:08.033+02:00,0
[B@35c43e36,[B@3a7e0ac5,pages,3,8348,2022-09-22T14:09:09.359+02:00,0
[B@2c047c40,[B@6638dc10,pages,3,8349,2022-09-22T14:09:12.660+02:00,0
[B@72996b6f,[B@38fb7fdb,pages,3,8350,2022-09-22T14:09:14.626+02:00,0
[B@3712f2f8,[B@176a6056,pages,3,8351,2022-09-22T14:09:15.619+02:00,0
[B@2e91b3c7,[B@4df71469,pages,3,8352,2022-09-22T14:09:15.941+02:00,0
[B@6d52aa1d,[B@297e1f31,pages,3,8353,2022-09-22T14:09:16.274+02:00,0
[B@ad29e52,[B@7f73873d,pages,3,8354,2022-09-22T14:09:19.573+02:00,0
[B@789c88c,[B@5ed7c8db,pages,3,8355,2022-09-22T14:09:21.565+02:00,0
[B@40e9ed5d,[B@2340c012,pages,3,8356,2022-09-22T14:09:22.884+02:00,0
[B@6a44b15e,[B@a353ddd,pages,3,8357,2022-09-22T14:09:23.204+02:00,0
[B@5b9aac3,[B@205caa36,pages,3,8358,2022-09-22T14:09:26.497+02:00,0
[B@6fdd2122,[B@4c2522d1,pages,3,8359,2022-09-22T14:09:27.488+02:00,0
[B@4827624,[B@414a6198,pages,3,8360,2022-09-22T14:09:29.821+02:00,0
[B@47189ca2,[B@224e0d3a,pages,3,8361,2022-09-22T14:09:31.820+02:00,0
[B@356a6c01,[B@27be8d95,pages,3,8362,2022-09-22T14:09:34.121+02:00,0
[B@24c0e84c,[B@76b51633,pages,3,8363,2022-09-22T14:09:35.760+02:00,0
[B@10d97680,[B@4358832b,pages,3,8364,2022-09-22T14:09:40.417+02:00,0
[B@60f98184,[B@3e230726,pages,3,8365,2022-09-22T14:09:40.748+02:00,0
[B@65950b14,[B@62539d56,pages,3,8366,2022-09-22T14:09:49.023+02:00,0
[B@4e0ad539,[B@68b6f1e9,pages,3,8367,2022-09-22T14:09:52.353+02:00,0
[B@25b68a40,[B@5b711a8d,pages,3,8368,2022-09-22T14:09:55.009+02:00,0
[B@43caafc7,[B@1cac27ee,pages,3,8369,2022-09-22T14:09:56.672+02:00,0
[B@dd94ab1,[B@5eaf8cf5,pages,3,8370,2022-09-22T14:10:01.315+02:00,0
[B@480da470,[B@35e369c8,pages,3,8371,2022-09-22T14:10:01.975+02:00,0
[B@72282107,[B@50c2c393,pages,3,8372,2022-09-22T14:10:02.294+02:00,0
[B@75c9c3df,[B@5b4a4987,pages,3,8373,2022-09-22T14:10:02.965+02:00,0
[B@68597bf0,[B@2ec1f333,pages,3,8374,2022-09-22T14:10:06.274+02:00,0
[B@152d1a0f,[B@1c226f5c,pages,3,8375,2022-09-22T14:10:07.288+02:00,0
[B@3f0711d3,[B@1e7e356b,pages,3,8376,2022-09-22T14:10:08.935+02:00,0
[B@63feb9c9,[B@6ca97265,pages,3,8377,2022-09-22T14:10:09.266+02:00,0
[B@6ba76faa,[B@41ddad8,pages,3,8378,2022-09-22T14:10:09.600+02:00,0
[B@123b1b63,[B@35a6791b,pages,3,8379,2022-09-22T14:10:09.923+02:00,0
[B@652c8a3a,[B@f0d475d,pages,3,8380,2022-09-22T14:10:10.247+02:00,0
[B@4527a5dc,[B@43cf72c2,pages,3,8381,2022-09-22T14:10:10.569+02:00,0
[B@42335ddb,[B@2761dd6f,pages,3,8382,2022-09-22T14:10:15.203+02:00,0
[B@5f90851a,[B@67f1b548,pages,3,8383,2022-09-22T14:10:16.900+02:00,0
[B@3f74e1e8,[B@1657c9cc,pages,3,8384,2022-09-22T14:10:21.870+02:00,0
[B@4d343649,[B@27859152,pages,3,8385,2022-09-22T14:10:23.837+02:00,0
[B@3f665feb,[B@1757e862,pages,3,8386,2022-09-22T14:10:24.503+02:00,0
[B@7b3d12bf,[B@70b9038b,pages,3,8387,2022-09-22T14:10:24.839+02:00,0
[B@7d2d9370,[B@5591704f,pages,3,8388,2022-09-22T14:10:28.500+02:00,0
[B@462a28a8,[B@7e37cebd,pages,3,8389,2022-09-22T14:10:31.860+02:00,0
[B@6f906418,[B@31dd72ad,pages,3,8390,2022-09-22T14:10:32.197+02:00,0
[B@26257356,[B@66a70309,pages,3,8391,2022-09-22T14:10:32.528+02:00,0
[B@afb1b61,[B@50695889,pages,3,8392,2022-09-22T14:10:33.200+02:00,0
[B@5d5b2e11,[B@3bac1f8,pages,3,8393,2022-09-22T14:10:38.446+02:00,0
[B@51c8e2fd,[B@4b7f455d,pages,3,8394,2022-09-22T14:10:39.768+02:00,0
[B@4f50d185,[B@1ab07c96,pages,3,8395,2022-09-22T14:10:41.749+02:00,0
[B@cf9ba37,[B@3d9d4358,pages,3,8396,2022-09-22T14:10:44.738+02:00,0
[B@74086197,[B@6d45f74c,pages,3,8397,2022-09-22T14:10:45.064+02:00,0
[B@2cacd0d1,[B@7bfcc19f,pages,3,8398,2022-09-22T14:10:45.386+02:00,0
[B@4ccf13ae,[B@e7272ec,pages,3,8399,2022-09-22T14:10:45.717+02:00,0
[B@449201ab,[B@59ffd09f,pages,3,8400,2022-09-22T14:10:46.049+02:00,0
[B@6d99ea6d,[B@70e11020,pages,3,8401,2022-09-22T14:10:46.376+02:00,0
[B@242ac8ce,[B@3f68ffc,pages,3,8402,2022-09-22T14:10:47.713+02:00,0
[B@219ec76d,[B@5906a36e,pages,3,8403,2022-09-22T14:10:49.043+02:00,0
[B@2b987c38,[B@1ca68fd8,pages,3,8404,2022-09-22T14:10:49.709+02:00,0
[B@4b54868e,[B@27254159,pages,3,8405,2022-09-22T14:10:51.348+02:00,0
[B@4f348039,[B@67c41e48,pages,3,8406,2022-09-22T14:10:51.685+02:00,0
[B@84b84c8,[B@5693311,pages,3,8407,2022-09-22T14:10:52.703+02:00,0
[B@6eb75ecd,[B@29c63b0d,pages,3,8408,2022-09-22T14:10:53.031+02:00,0
[B@7d7f9739,[B@3142c23c,pages,3,8409,2022-09-22T14:10:53.369+02:00,0
[B@65d7b3ef,[B@7dd1e20b,pages,3,8410,2022-09-22T14:10:56.336+02:00,0
[B@7c1664d7,[B@5b620a4b,pages,3,8411,2022-09-22T14:10:57.657+02:00,0
[B@3729203,[B@71c1f9dc,pages,3,8412,2022-09-22T14:11:00.303+02:00,0
[B@3ebe0bef,[B@75457e21,pages,3,8413,2022-09-22T14:11:00.648+02:00,0
[B@62b01800,[B@1c410293,pages,3,8414,2022-09-22T14:11:01.300+02:00,0
[B@52ee8387,[B@c045b8d,pages,3,8415,2022-09-22T14:11:04.252+02:00,0
[B@6e962215,[B@7a57e0ce,pages,3,8416,2022-09-22T14:11:05.592+02:00,0
[B@5c03b6b8,[B@72755686,pages,3,8417,2022-09-22T14:11:06.606+02:00,0
[B@2d2c4457,[B@683880ac,pages,3,8418,2022-09-22T14:11:07.951+02:00,0
[B@29cf4d65,[B@7156efbc,pages,3,8419,2022-09-22T14:11:09.286+02:00,0
[B@3e17133d,[B@1286c9b3,pages,3,8420,2022-09-22T14:11:09.612+02:00,0
[B@41711ae3,[B@79c267e,pages,3,8421,2022-09-22T14:11:10.273+02:00,0
[B@194534b,[B@25fbd99b,pages,3,8422,2022-09-22T14:11:10.602+02:00,0
[B@6c1479c5,[B@a5d0def,pages,3,8423,2022-09-22T14:11:11.600+02:00,0
[B@297019e4,[B@52bc3a50,pages,3,8424,2022-09-22T14:11:11.934+02:00,0
[B@1da9bb93,[B@7ff9efbc,pages,3,8425,2022-09-22T14:11:12.270+02:00,0
[B@566f769e,[B@65b2b8b9,pages,3,8426,2022-09-22T14:11:12.600+02:00,0
[B@3517e2bf,[B@5a37fae,pages,3,8427,2022-09-22T14:11:12.931+02:00,0
[B@28d53202,[B@585230d1,pages,3,8428,2022-09-22T14:11:16.923+02:00,0
[B@525a337e,[B@4c9a7894,pages,3,8429,2022-09-22T14:11:17.246+02:00,0
[B@4d5e1627,[B@4c363e5,pages,3,8430,2022-09-22T14:11:18.241+02:00,0
[B@70171c0,[B@18c0e76c,pages,3,8431,2022-09-22T14:11:20.230+02:00,0
[B@2512257d,[B@3a51b671,pages,3,8432,2022-09-22T14:11:20.557+02:00,0
[B@36525f8a,[B@29b625ab,pages,3,8433,2022-09-22T14:11:21.901+02:00,0
[B@1d3bd42d,[B@2aee1bc5,pages,3,8434,2022-09-22T14:11:22.899+02:00,0
[B@ee4af1d,[B@16e74817,pages,3,8435,2022-09-22T14:11:24.566+02:00,0
[B@553e7c5a,[B@fd4650b,pages,3,8436,2022-09-22T14:11:24.894+02:00,0
[B@2463bfab,[B@868ecc0,pages,3,8437,2022-09-22T14:11:26.535+02:00,0
[B@2e928d3b,[B@2c259df,pages,3,8438,2022-09-22T14:11:28.519+02:00,0
[B@3b6520cb,[B@74a4c58b,pages,3,8439,2022-09-22T14:11:30.537+02:00,0
[B@4e657571,[B@5e79c1c3,pages,3,8440,2022-09-22T14:11:31.196+02:00,0
[B@4c08c1bf,[B@1e52cd28,pages,3,8441,2022-09-22T14:11:32.516+02:00,0
[B@7b79fd6e,[B@6b1e4c1b,pages,3,8442,2022-09-22T14:11:38.156+02:00,0
[B@61916dfe,[B@6922d769,pages,3,8443,2022-09-22T14:11:42.093+02:00,0
[B@5d84d5ae,[B@44e32491,pages,3,8444,2022-09-22T14:11:43.755+02:00,0
[B@2ef75f6e,[B@51915c46,pages,3,8445,2022-09-22T14:11:46.071+02:00,0
[B@2a43ca7f,[B@7759a40a,pages,3,8446,2022-09-22T14:11:49.728+02:00,0
[B@63c199a0,[B@38e98af2,pages,3,8447,2022-09-22T14:11:54.331+02:00,0
[B@ccdafa2,[B@368e23c5,pages,3,8448,2022-09-22T14:11:55.314+02:00,0
[B@59edb02d,[B@2d271ff8,pages,3,8449,2022-09-22T14:11:55.969+02:00,0
[B@4cf61541,[B@b218711,pages,3,8450,2022-09-22T14:11:57.634+02:00,0
[B@3f793280,[B@2ab43248,pages,3,8451,2022-09-22T14:11:59.962+02:00,0
[B@56147642,[B@510a7a9e,pages,3,8452,2022-09-22T14:12:00.289+02:00,0
[B@2711bf0d,[B@2cbcefd5,pages,3,8453,2022-09-22T14:12:00.965+02:00,0
[B@596f3a66,[B@5b33755f,pages,3,8454,2022-09-22T14:12:07.594+02:00,0
[B@717040e3,[B@3af9db5f,pages,3,8455,2022-09-22T14:12:08.908+02:00,0
[B@1ae57a6c,[B@5abc6de2,pages,3,8456,2022-09-22T14:12:09.239+02:00,0
[B@29b8590e,[B@5def4c45,pages,3,8457,2022-09-22T14:12:16.218+02:00,0
[B@6ce87b8e,[B@5502c88c,pages,3,8458,2022-09-22T14:12:16.547+02:00,0
[B@3e198b0b,[B@193375e9,pages,3,8459,2022-09-22T14:12:16.878+02:00,0
[B@36a8494a,[B@752db1bb,pages,3,8460,2022-09-22T14:12:21.192+02:00,0
[B@71e2dc6,[B@5008cf1,pages,3,8461,2022-09-22T14:12:22.837+02:00,0
[B@71166702,[B@69aea0f2,pages,3,8462,2022-09-22T14:12:28.454+02:00,0
[B@1f28c01c,[B@1eceb00c,pages,3,8463,2022-09-22T14:12:30.141+02:00,0
[B@5c22eaa0,[B@409768e6,pages,3,8464,2022-09-22T14:12:34.136+02:00,0
[B@196678c8,[B@7243e538,pages,3,8465,2022-09-22T14:12:34.472+02:00,0
[B@39ff763a,[B@4254e9bb,pages,3,8466,2022-09-22T14:12:37.453+02:00,0
[B@68de6901,[B@5d93b07,pages,3,8467,2022-09-22T14:12:39.777+02:00,0
[B@47d5c320,[B@22a9f350,pages,3,8468,2022-09-22T14:12:41.097+02:00,0
[B@39241065,[B@75690545,pages,3,8469,2022-09-22T14:12:41.425+02:00,0
[B@1ccc140b,[B@711247b1,pages,3,8470,2022-09-22T14:12:42.428+02:00,0
[B@682cd6ce,[B@55d2a5a3,pages,3,8471,2022-09-22T14:12:49.140+02:00,0
[B@29428f5e,[B@4a8e7a08,pages,3,8472,2022-09-22T14:12:50.783+02:00,0
[B@449a4f31,[B@4a515bc,pages,3,8473,2022-09-22T14:12:55.447+02:00,0
[B@39205209,[B@47211f,pages,3,8474,2022-09-22T14:12:56.114+02:00,0
[B@16b215e1,[B@3a96fa7e,pages,3,8475,2022-09-22T14:12:56.448+02:00,0
[B@19d473f,[B@386bd1ca,pages,3,8476,2022-09-22T14:12:57.108+02:00,0
[B@3e70c63b,[B@33389e81,pages,3,8477,2022-09-22T14:12:58.104+02:00,0
[B@58779366,[B@3e74fc23,pages,3,8478,2022-09-22T14:12:58.755+02:00,0
[B@60db4c8,[B@71b6fe1e,pages,3,8479,2022-09-22T14:12:59.416+02:00,0
[B@15beafed,[B@c32dc9d,pages,3,8480,2022-09-22T14:12:59.741+02:00,0
[B@67728227,[B@2172d6d9,pages,3,8481,2022-09-22T14:13:00.726+02:00,0
[B@4153c4dd,[B@5b1f2e5e,pages,3,8482,2022-09-22T14:13:06.019+02:00,0
[B@280feca0,[B@1ffc2366,pages,3,8483,2022-09-22T14:13:06.690+02:00,0
[B@40566968,[B@6219d2e2,pages,3,8484,2022-09-22T14:13:07.679+02:00,0
[B@35a458ed,[B@4b3dba2c,pages,3,8485,2022-09-22T14:13:10.320+02:00,0
[B@38d3970a,[B@14f1dc30,pages,3,8486,2022-09-22T14:13:14.269+02:00,0
[B@3059d73,[B@25cfabe5,pages,3,8487,2022-09-22T14:13:15.280+02:00,0
[B@1000391,[B@1b0a5fdd,pages,3,8488,2022-09-22T14:13:16.602+02:00,0
[B@34cba7ca,[B@6c03a235,pages,3,8489,2022-09-22T14:13:16.934+02:00,0
[B@6d9e28af,[B@24a36676,pages,3,8490,2022-09-22T14:13:17.582+02:00,0
[B@4dbf70df,[B@3c5c6157,pages,3,8491,2022-09-22T14:13:17.923+02:00,0
[B@201bfd23,[B@1f34bf80,pages,3,8492,2022-09-22T14:13:18.251+02:00,0
