[B@5932ccfa,[B@3c90aa9,pages,2,7230,2022-09-22T14:04:55.406+02:00,0
[B@69c8bc12,[B@6e91efd6,pages,2,7231,2022-09-22T14:04:56.060+02:00,0
[B@218babe2,[B@6a5c7138,pages,2,7232,2022-09-22T14:04:56.402+02:00,0
[B@46d8784d,[B@27d6d01f,pages,2,7233,2022-09-22T14:05:00.056+02:00,0
[B@5b7ebbbc,[B@5222d45a,pages,2,7234,2022-09-22T14:05:01.378+02:00,0
[B@573dc443,[B@46faa093,pages,2,7235,2022-09-22T14:05:01.715+02:00,0
[B@68f750ab,[B@2cb3c9eb,pages,2,7236,2022-09-22T14:05:04.033+02:00,0
[B@15950fe2,[B@6f8cbfb,pages,2,7237,2022-09-22T14:05:05.364+02:00,0
[B@54d8a187,[B@6696d666,pages,2,7238,2022-09-22T14:05:07.025+02:00,0
[B@5bc12f49,[B@1b2680d9,pages,2,7239,2022-09-22T14:05:09.659+02:00,0
[B@ae3dea3,[B@5a160c7f,pages,2,7240,2022-09-22T14:05:10.319+02:00,0
[B@87fdb13,[B@27f0a28d,pages,2,7241,2022-09-22T14:05:15.294+02:00,0
[B@33727616,[B@59ede1f3,pages,2,7242,2022-09-22T14:05:19.293+02:00,0
[B@2f3c0e9e,[B@d7a253e,pages,2,7243,2022-09-22T14:05:20.300+02:00,0
[B@2d983041,[B@1b4cbe78,pages,2,7244,2022-09-22T14:05:23.288+02:00,0
[B@54cb1b71,[B@8c49703,pages,2,7245,2022-09-22T14:05:23.947+02:00,0
[B@64b2b462,[B@1af379f2,pages,2,7246,2022-09-22T14:05:24.609+02:00,0
[B@16efe94e,[B@3abf081f,pages,2,7247,2022-09-22T14:05:26.277+02:00,0
[B@4b5faa8e,[B@4a6276fe,pages,2,7248,2022-09-22T14:05:26.923+02:00,0
[B@232e4365,[B@619358ef,pages,2,7249,2022-09-22T14:05:32.209+02:00,0
[B@572e9589,[B@ea2cc14,pages,2,7250,2022-09-22T14:05:33.535+02:00,0
[B@5f4693ce,[B@2469fce9,pages,2,7251,2022-09-22T14:05:33.874+02:00,0
[B@7c8b730,[B@1f1209b1,pages,2,7252,2022-09-22T14:05:34.542+02:00,0
[B@7421217e,[B@1f4415a7,pages,2,7253,2022-09-22T14:05:37.213+02:00,0
[B@5df74048,[B@52a795c6,pages,2,7254,2022-09-22T14:05:40.535+02:00,0
[B@2ff0643d,[B@10a6a549,pages,2,7255,2022-09-22T14:05:41.213+02:00,0
[B@77b44215,[B@19d3e080,pages,2,7256,2022-09-22T14:05:41.882+02:00,0
[B@35aebe0b,[B@1087c91a,pages,2,7257,2022-09-22T14:05:42.871+02:00,0
[B@45f685f5,[B@43a7aa2b,pages,2,7258,2022-09-22T14:05:44.173+02:00,0
[B@3391ab2,[B@2dd8dcd6,pages,2,7259,2022-09-22T14:05:50.778+02:00,0
[B@5c703db5,[B@22f822e2,pages,2,7260,2022-09-22T14:05:54.747+02:00,0
[B@695f5085,[B@20a1f14,pages,2,7261,2022-09-22T14:05:58.365+02:00,0
[B@5fca0775,[B@3c46c15c,pages,2,7262,2022-09-22T14:05:59.020+02:00,0
[B@2f8e7529,[B@7dae2d73,pages,2,7263,2022-09-22T14:05:59.354+02:00,0
[B@72d07c1c,[B@78160f3b,pages,2,7264,2022-09-22T14:06:01.338+02:00,0
[B@24ed1a2d,[B@28247e76,pages,2,7265,2022-09-22T14:06:01.668+02:00,0
[B@5965c7f2,[B@11c26432,pages,2,7266,2022-09-22T14:06:04.325+02:00,0
[B@5d322855,[B@566e2a4b,pages,2,7267,2022-09-22T14:06:05.302+02:00,0
[B@21c32d23,[B@23222edd,pages,2,7268,2022-09-22T14:06:12.240+02:00,0
[B@6f1eca6c,[B@480599b6,pages,2,7269,2022-09-22T14:06:12.581+02:00,0
[B@70171fa0,[B@42f183b9,pages,2,7270,2022-09-22T14:06:12.908+02:00,0
[B@5ba57c21,[B@3f8986ca,pages,2,7271,2022-09-22T14:06:13.905+02:00,0
[B@77ab7484,[B@3909cd83,pages,2,7272,2022-09-22T14:06:15.576+02:00,0
[B@49bdeaf7,[B@3a718adc,pages,2,7273,2022-09-22T14:06:17.238+02:00,0
[B@16d2d642,[B@614074ce,pages,2,7274,2022-09-22T14:06:17.887+02:00,0
[B@470cc043,[B@719d9514,pages,2,7275,2022-09-22T14:06:22.537+02:00,0
[B@71fd3da3,[B@1379d156,pages,2,7276,2022-09-22T14:06:24.837+02:00,0
[B@32d605a2,[B@2f7e13d9,pages,2,7277,2022-09-22T14:06:29.128+02:00,0
[B@37f623b0,[B@6ad8a779,pages,2,7278,2022-09-22T14:06:29.788+02:00,0
[B@68214495,[B@371e7293,pages,2,7279,2022-09-22T14:06:30.451+02:00,0
[B@31f32c63,[B@1ebfb64b,pages,2,7280,2022-09-22T14:06:31.121+02:00,0
[B@7cd85ce5,[B@38163307,pages,2,7281,2022-09-22T14:06:35.422+02:00,0
[B@10ae9052,[B@734071e2,pages,2,7282,2022-09-22T14:06:36.077+02:00,0
[B@4dc1241b,[B@44c6a8af,pages,2,7283,2022-09-22T14:06:36.728+02:00,0
[B@208e9c65,[B@50b126f7,pages,2,7284,2022-09-22T14:06:37.710+02:00,0
[B@14143106,[B@656660fb,pages,2,7285,2022-09-22T14:06:38.367+02:00,0
[B@31dfa586,[B@6880bbd4,pages,2,7286,2022-09-22T14:06:40.020+02:00,0
[B@5da93bc3,[B@b1ee935,pages,2,7287,2022-09-22T14:06:40.664+02:00,0
[B@47219e45,[B@2a92d36e,pages,2,7288,2022-09-22T14:06:47.295+02:00,0
[B@3ef192dc,[B@42da9376,pages,2,7289,2022-09-22T14:06:49.928+02:00,0
[B@942eede,[B@3577553b,pages,2,7290,2022-09-22T14:06:57.201+02:00,0
[B@722563b,[B@1175248a,pages,2,7291,2022-09-22T14:06:57.525+02:00,0
[B@fdf1c64,[B@e4e29,pages,2,7292,2022-09-22T14:06:58.521+02:00,0
[B@1508539d,[B@2d6164c2,pages,2,7293,2022-09-22T14:06:58.851+02:00,0
[B@5aaa7136,[B@28a7034c,pages,2,7294,2022-09-22T14:07:01.475+02:00,0
[B@7fe4297e,[B@59050534,pages,2,7295,2022-09-22T14:07:02.462+02:00,0
[B@502fece3,[B@408238c9,pages,2,7296,2022-09-22T14:07:02.803+02:00,0
[B@1ef3467e,[B@6faedc31,pages,2,7297,2022-09-22T14:07:03.455+02:00,0
[B@40c97dd3,[B@11dc5173,pages,2,7298,2022-09-22T14:07:05.113+02:00,0
[B@15183580,[B@cce3c46,pages,2,7299,2022-09-22T14:07:05.438+02:00,0
[B@762ffe9,[B@744671bf,pages,2,7300,2022-09-22T14:07:05.772+02:00,0
[B@20a6ee82,[B@5df7dadc,pages,2,7301,2022-09-22T14:07:08.091+02:00,0
[B@4dfaeb3c,[B@af6a0b5,pages,2,7302,2022-09-22T14:07:08.749+02:00,0
[B@1db39d97,[B@7ef185c7,pages,2,7303,2022-09-22T14:07:10.053+02:00,0
[B@64c8222e,[B@5b04c50a,pages,2,7304,2022-09-22T14:07:11.064+02:00,0
[B@5adaa4d8,[B@28f7cdf9,pages,2,7305,2022-09-22T14:07:12.066+02:00,0
[B@d8b539b,[B@705aebb5,pages,2,7306,2022-09-22T14:07:14.052+02:00,0
[B@7f296d02,[B@69a7ff1b,pages,2,7307,2022-09-22T14:07:14.714+02:00,0
[B@3ee76e3f,[B@19c72d15,pages,2,7308,2022-09-22T14:07:15.711+02:00,0
[B@2db21252,[B@7bbb6fd8,pages,2,7309,2022-09-22T14:07:16.365+02:00,0
[B@7e286006,[B@5ea74553,pages,2,7310,2022-09-22T14:07:17.016+02:00,0
[B@633aec57,[B@435f9a47,pages,2,7311,2022-09-22T14:07:18.010+02:00,0
[B@7e4aea7a,[B@1aa3b53d,pages,2,7312,2022-09-22T14:07:18.329+02:00,0
[B@2ecfba6a,[B@11fd9056,pages,2,7313,2022-09-22T14:07:26.626+02:00,0
[B@38cda129,[B@3fc0e150,pages,2,7314,2022-09-22T14:07:30.594+02:00,0
[B@6c8f0028,[B@118d42cf,pages,2,7315,2022-09-22T14:07:31.931+02:00,0
[B@449c7d3e,[B@7ceede9c,pages,2,7316,2022-09-22T14:07:32.639+02:00,0
[B@68f40f69,[B@1394a382,pages,2,7317,2022-09-22T14:07:34.959+02:00,0
[B@34464943,[B@3ed66b69,pages,2,7318,2022-09-22T14:07:35.284+02:00,0
[B@7691b49d,[B@402f817e,pages,2,7319,2022-09-22T14:07:42.239+02:00,0
[B@4625d469,[B@4ba572e7,pages,2,7320,2022-09-22T14:07:42.888+02:00,0
[B@306b1252,[B@c735150,pages,2,7321,2022-09-22T14:07:43.224+02:00,0
[B@649d5a2b,[B@4cf3e15,pages,2,7322,2022-09-22T14:07:46.223+02:00,0
[B@6cde555c,[B@7a317046,pages,2,7323,2022-09-22T14:07:46.550+02:00,0
[B@74733129,[B@9b19624,pages,2,7324,2022-09-22T14:07:47.208+02:00,0
[B@175b46fb,[B@6619b716,pages,2,7325,2022-09-22T14:07:49.190+02:00,0
[B@b0e2885,[B@e0b9f76,pages,2,7326,2022-09-22T14:07:51.514+02:00,0
[B@43aa6cd2,[B@6820d2b6,pages,2,7327,2022-09-22T14:07:58.782+02:00,0
[B@12108537,[B@40b2482c,pages,2,7328,2022-09-22T14:07:59.444+02:00,0
[B@50ee6014,[B@3eb5bddd,pages,2,7329,2022-09-22T14:08:00.763+02:00,0
[B@289aae01,[B@7a3b6016,pages,2,7330,2022-09-22T14:08:07.750+02:00,0
[B@59f65185,[B@4abe4433,pages,2,7331,2022-09-22T14:08:08.399+02:00,0
[B@372911c3,[B@1633ece0,pages,2,7332,2022-09-22T14:08:08.729+02:00,0
[B@7d22fdda,[B@4585a191,pages,2,7333,2022-09-22T14:08:09.070+02:00,0
[B@3add17eb,[B@3380a8bc,pages,2,7334,2022-09-22T14:08:12.053+02:00,0
[B@59a64f3b,[B@31c7f4b7,pages,2,7335,2022-09-22T14:08:12.383+02:00,0
[B@6377df2b,[B@55844eb1,pages,2,7336,2022-09-22T14:08:15.692+02:00,0
[B@3eb01cad,[B@30dc3580,pages,2,7337,2022-09-22T14:08:20.691+02:00,0
[B@6d0f3a37,[B@1a0900e1,pages,2,7338,2022-09-22T14:08:23.321+02:00,0
[B@24e23279,[B@75437350,pages,2,7339,2022-09-22T14:08:23.645+02:00,0
[B@6189314d,[B@33552b95,pages,2,7340,2022-09-22T14:08:25.935+02:00,0
[B@611a67c,[B@68268c1d,pages,2,7341,2022-09-22T14:08:26.934+02:00,0
[B@408dcb0d,[B@5a1e490a,pages,2,7342,2022-09-22T14:08:29.234+02:00,0
[B@51b73673,[B@d2d1e3c,pages,2,7343,2022-09-22T14:08:32.885+02:00,0
[B@23d67937,[B@ba8225e,pages,2,7344,2022-09-22T14:08:33.893+02:00,0
[B@634499f6,[B@67db75c,pages,2,7345,2022-09-22T14:08:40.859+02:00,0
[B@16727965,[B@5c020327,pages,2,7346,2022-09-22T14:08:42.510+02:00,0
[B@1bceaa78,[B@7062390a,pages,2,7347,2022-09-22T14:08:42.839+02:00,0
[B@75dedf32,[B@3989f195,pages,2,7348,2022-09-22T14:08:43.172+02:00,0
[B@577a01b6,[B@36b1c83a,pages,2,7349,2022-09-22T14:08:43.497+02:00,0
[B@3515a691,[B@4366ecff,pages,2,7350,2022-09-22T14:08:46.811+02:00,0
[B@44963294,[B@7cded224,pages,2,7351,2022-09-22T14:08:48.874+02:00,0
[B@64e7c200,[B@1012cb77,pages,2,7352,2022-09-22T14:08:51.168+02:00,0
[B@65e55973,[B@6fa0f819,pages,2,7353,2022-09-22T14:08:54.131+02:00,0
[B@358dd02f,[B@3342ec9a,pages,2,7354,2022-09-22T14:08:57.109+02:00,0
[B@7ca31540,[B@142b4afd,pages,2,7355,2022-09-22T14:08:59.736+02:00,0
[B@4f7cfcff,[B@6bfeffb6,pages,2,7356,2022-09-22T14:09:04.384+02:00,0
[B@f93ee9c,[B@41213131,pages,2,7357,2022-09-22T14:09:06.358+02:00,0
[B@6992b6ee,[B@750de725,pages,2,7358,2022-09-22T14:09:11.019+02:00,0
[B@657a0016,[B@2d1a0d31,pages,2,7359,2022-09-22T14:09:13.314+02:00,0
[B@5143ebba,[B@4b6d1a78,pages,2,7360,2022-09-22T14:09:19.232+02:00,0
[B@7e22d9b3,[B@3ac20c3,pages,2,7361,2022-09-22T14:09:21.894+02:00,0
[B@4dfc1537,[B@6e61682a,pages,2,7362,2022-09-22T14:09:23.870+02:00,0
[B@6e6db14,[B@64ae5933,pages,2,7363,2022-09-22T14:09:25.182+02:00,0
[B@49d6ad3c,[B@2c13bc14,pages,2,7364,2022-09-22T14:09:28.813+02:00,0
[B@1c9decf9,[B@aec4998,pages,2,7365,2022-09-22T14:09:31.486+02:00,0
[B@76afbab4,[B@476d4b69,pages,2,7366,2022-09-22T14:09:35.085+02:00,0
[B@34648d59,[B@5caca2c4,pages,2,7367,2022-09-22T14:09:36.087+02:00,0
[B@575dc9ff,[B@7ac6e67e,pages,2,7368,2022-09-22T14:09:37.088+02:00,0
[B@6ad8a23a,[B@535b9727,pages,2,7369,2022-09-22T14:09:41.081+02:00,0
[B@6a70be82,[B@27c850a4,pages,2,7370,2022-09-22T14:09:42.738+02:00,0
[B@8aeef15,[B@7c3b388,pages,2,7371,2022-09-22T14:09:43.395+02:00,0
[B@68a8995c,[B@d80b99d,pages,2,7372,2022-09-22T14:09:47.366+02:00,0
[B@72a9397f,[B@68ec9b51,pages,2,7373,2022-09-22T14:09:47.703+02:00,0
[B@44228d69,[B@4ce68821,pages,2,7374,2022-09-22T14:09:48.363+02:00,0
[B@77bf2203,[B@7b8509b6,pages,2,7375,2022-09-22T14:09:52.021+02:00,0
[B@2b1c8a6a,[B@53c3b8a8,pages,2,7376,2022-09-22T14:09:54.341+02:00,0
[B@5de237e9,[B@e794d5a,pages,2,7377,2022-09-22T14:09:56.337+02:00,0
[B@4179d925,[B@fb12f5a,pages,2,7378,2022-09-22T14:10:03.294+02:00,0
[B@43a01c3a,[B@7778a89,pages,2,7379,2022-09-22T14:10:04.946+02:00,0
[B@848cbb3,[B@e85ee1f,pages,2,7380,2022-09-22T14:10:05.602+02:00,0
[B@4d077239,[B@769f9ad2,pages,2,7381,2022-09-22T14:10:07.950+02:00,0
[B@3844c2e1,[B@191026e0,pages,2,7382,2022-09-22T14:10:08.611+02:00,0
[B@6ff01941,[B@65b34767,pages,2,7383,2022-09-22T14:10:10.896+02:00,0
[B@7bfec2fa,[B@63c1dc43,pages,2,7384,2022-09-22T14:10:11.224+02:00,0
[B@c94eb6b,[B@73630de1,pages,2,7385,2022-09-22T14:10:12.884+02:00,0
[B@7e87e865,[B@13491032,pages,2,7386,2022-09-22T14:10:15.524+02:00,0
[B@38ad6e83,[B@534a6072,pages,2,7387,2022-09-22T14:10:16.247+02:00,0
[B@124f7ebe,[B@49dc3445,pages,2,7388,2022-09-22T14:10:17.889+02:00,0
[B@1a56928b,[B@1a9f2843,pages,2,7389,2022-09-22T14:10:19.537+02:00,0
[B@734c0f20,[B@5b9a7310,pages,2,7390,2022-09-22T14:10:20.216+02:00,0
[B@75f67022,[B@164883ef,pages,2,7391,2022-09-22T14:10:27.488+02:00,0
[B@5eeab09,[B@d645a57,pages,2,7392,2022-09-22T14:10:28.165+02:00,0
[B@4b555cb9,[B@19d0e9c7,pages,2,7393,2022-09-22T14:10:29.516+02:00,0
[B@6916bf17,[B@460fe680,pages,2,7394,2022-09-22T14:10:29.851+02:00,0
[B@27deda6c,[B@39de8181,pages,2,7395,2022-09-22T14:10:32.866+02:00,0
[B@65ec6faa,[B@5c6eae71,pages,2,7396,2022-09-22T14:10:36.160+02:00,0
[B@d32122a,[B@402d4884,pages,2,7397,2022-09-22T14:10:38.781+02:00,0
[B@463afe14,[B@6f0ecd84,pages,2,7398,2022-09-22T14:10:39.120+02:00,0
[B@7230210d,[B@58f33ea7,pages,2,7399,2022-09-22T14:10:40.096+02:00,0
[B@49a8a1f3,[B@50d337af,pages,2,7400,2022-09-22T14:10:40.763+02:00,0
[B@23985cf1,[B@625f4823,pages,2,7401,2022-09-22T14:10:43.735+02:00,0
[B@6e74daa2,[B@2753e68c,pages,2,7402,2022-09-22T14:10:47.365+02:00,0
[B@464d5943,[B@5ecb0ff9,pages,2,7403,2022-09-22T14:10:49.382+02:00,0
[B@16226f48,[B@2e7d8c86,pages,2,7404,2022-09-22T14:10:52.372+02:00,0
[B@2564f4b,[B@4e42c3f,pages,2,7405,2022-09-22T14:10:55.006+02:00,0
[B@1b94bc4,[B@4362fec9,pages,2,7406,2022-09-22T14:10:55.670+02:00,0
[B@737ecdf9,[B@565e927d,pages,2,7407,2022-09-22T14:10:57.996+02:00,0
[B@1df20419,[B@493235d8,pages,2,7408,2022-09-22T14:10:58.323+02:00,0
[B@4ca63802,[B@6e498691,pages,2,7409,2022-09-22T14:10:59.640+02:00,0
[B@6396958d,[B@3b52f0d2,pages,2,7410,2022-09-22T14:10:59.974+02:00,0
[B@4649b992,[B@6416c2c4,pages,2,7411,2022-09-22T14:11:02.615+02:00,0
[B@33fb0936,[B@1f83abfb,pages,2,7412,2022-09-22T14:11:03.266+02:00,0
[B@140d04b0,[B@46dfe417,pages,2,7413,2022-09-22T14:11:05.917+02:00,0
[B@2d06f743,[B@2fd84d6b,pages,2,7414,2022-09-22T14:11:06.253+02:00,0
[B@538cf4a4,[B@6a4a4d9e,pages,2,7415,2022-09-22T14:11:07.279+02:00,0
[B@706c037b,[B@1db2ab08,pages,2,7416,2022-09-22T14:11:09.943+02:00,0
[B@292f55ce,[B@11b1dbc8,pages,2,7417,2022-09-22T14:11:11.276+02:00,0
[B@1d6755e,[B@9b47487,pages,2,7418,2022-09-22T14:11:13.260+02:00,0
[B@5ae6c15a,[B@45163e55,pages,2,7419,2022-09-22T14:11:14.910+02:00,0
[B@77d8df2c,[B@5de28d1c,pages,2,7420,2022-09-22T14:11:15.581+02:00,0
[B@31627beb,[B@45f20f04,pages,2,7421,2022-09-22T14:11:15.915+02:00,0
[B@74629929,[B@3da160d4,pages,2,7422,2022-09-22T14:11:16.584+02:00,0
[B@1f3ee9a8,[B@4a615f64,pages,2,7423,2022-09-22T14:11:19.580+02:00,0
[B@2a2a2cd0,[B@1c3b5e81,pages,2,7424,2022-09-22T14:11:19.904+02:00,0
[B@74208707,[B@34fa6c98,pages,2,7425,2022-09-22T14:11:21.232+02:00,0
[B@4f4d8a7b,[B@9440a45,pages,2,7426,2022-09-22T14:11:21.564+02:00,0
[B@792cacd5,[B@1e5591c4,pages,2,7427,2022-09-22T14:11:25.232+02:00,0
[B@3de8ce27,[B@14d7fdfd,pages,2,7428,2022-09-22T14:11:26.211+02:00,0
[B@881b1b6,[B@3a68dad3,pages,2,7429,2022-09-22T14:11:27.851+02:00,0
[B@418ab24f,[B@6a199796,pages,2,7430,2022-09-22T14:11:29.865+02:00,0
[B@6f108762,[B@13d26611,pages,2,7431,2022-09-22T14:11:34.505+02:00,0
[B@7dea6ee,[B@215d34a4,pages,2,7432,2022-09-22T14:11:36.167+02:00,0
[B@4a1d9c7a,[B@4aff89c6,pages,2,7433,2022-09-22T14:11:37.167+02:00,0
[B@3864afa1,[B@70d4541d,pages,2,7434,2022-09-22T14:11:39.144+02:00,0
[B@560cf831,[B@608bea8f,pages,2,7435,2022-09-22T14:11:39.805+02:00,0
[B@7d0f4898,[B@2f298f98,pages,2,7436,2022-09-22T14:11:42.426+02:00,0
[B@1e55373c,[B@213569eb,pages,2,7437,2022-09-22T14:11:44.413+02:00,0
[B@2679aedd,[B@454fb0c5,pages,2,7438,2022-09-22T14:11:50.046+02:00,0
[B@72948387,[B@7864c60f,pages,2,7439,2022-09-22T14:11:51.031+02:00,0
[B@13809098,[B@2b71c3b5,pages,2,7440,2022-09-22T14:11:54.981+02:00,0
[B@7d2ff5e7,[B@23a500f3,pages,2,7441,2022-09-22T14:12:06.259+02:00,0
[B@34b6504f,[B@117f5107,pages,2,7442,2022-09-22T14:12:08.583+02:00,0
[B@137d0e02,[B@18d43606,pages,2,7443,2022-09-22T14:12:09.572+02:00,0
[B@1e66297b,[B@75faa4d9,pages,2,7444,2022-09-22T14:12:10.573+02:00,0
[B@e0ca97a,[B@37d1cabb,pages,2,7445,2022-09-22T14:12:13.886+02:00,0
[B@185300cb,[B@38afb374,pages,2,7446,2022-09-22T14:12:14.222+02:00,0
[B@53838a62,[B@6a3e16bb,pages,2,7447,2022-09-22T14:12:14.550+02:00,0
[B@6aeb166f,[B@2f9a2c55,pages,2,7448,2022-09-22T14:12:15.549+02:00,0
[B@6005735e,[B@7a142a2b,pages,2,7449,2022-09-22T14:12:18.529+02:00,0
[B@48fe1368,[B@367876a6,pages,2,7450,2022-09-22T14:12:20.203+02:00,0
[B@7d2c7cb4,[B@26b24448,pages,2,7451,2022-09-22T14:12:21.522+02:00,0
[B@1eef66a5,[B@6b57fe98,pages,2,7452,2022-09-22T14:12:24.825+02:00,0
[B@7580f69a,[B@41247c66,pages,2,7453,2022-09-22T14:12:28.117+02:00,0
[B@241bf0a9,[B@70ec698c,pages,2,7454,2022-09-22T14:12:30.475+02:00,0
[B@22a752d,[B@600fee42,pages,2,7455,2022-09-22T14:12:32.149+02:00,0
[B@1b6ac452,[B@8d97eba,pages,2,7456,2022-09-22T14:12:32.482+02:00,0
[B@598bf191,[B@46e9791c,pages,2,7457,2022-09-22T14:12:33.487+02:00,0
[B@b6c6dc7,[B@4803febe,pages,2,7458,2022-09-22T14:12:35.449+02:00,0
[B@4e029956,[B@432e3813,pages,2,7459,2022-09-22T14:12:38.787+02:00,0
[B@2bc477e4,[B@7ce58a2c,pages,2,7460,2022-09-22T14:12:40.110+02:00,0
[B@26f774cf,[B@14ab3ea2,pages,2,7461,2022-09-22T14:12:40.773+02:00,0
[B@1cd80084,[B@4cbc4dd9,pages,2,7462,2022-09-22T14:12:44.427+02:00,0
[B@5170198d,[B@1ce3732f,pages,2,7463,2022-09-22T14:12:46.091+02:00,0
[B@40638c17,[B@6e1fd347,pages,2,7464,2022-09-22T14:12:48.129+02:00,0
[B@3ff20378,[B@388f65a2,pages,2,7465,2022-09-22T14:12:49.468+02:00,0
[B@64d04590,[B@744537a6,pages,2,7466,2022-09-22T14:12:51.112+02:00,0
[B@5b830395,[B@18e2cf32,pages,2,7467,2022-09-22T14:12:53.112+02:00,0
[B@7e78f57b,[B@235d0515,pages,2,7468,2022-09-22T14:12:54.109+02:00,0
[B@60012540,[B@6e94ed2d,pages,2,7469,2022-09-22T14:12:54.783+02:00,0
[B@57fe1ea9,[B@1cc0dcee,pages,2,7470,2022-09-22T14:12:56.780+02:00,0
[B@7582c113,[B@3cb6a70b,pages,2,7471,2022-09-22T14:12:57.430+02:00,0
[B@1b9afd62,[B@1277553,pages,2,7472,2022-09-22T14:13:01.062+02:00,0
[B@624eb63d,[B@6b49cb80,pages,2,7473,2022-09-22T14:13:01.725+02:00,0
[B@27f44a66,[B@1dc32e26,pages,2,7474,2022-09-22T14:13:10.653+02:00,0
[B@a2b9cfd,[B@2f9b53f3,pages,2,7475,2022-09-22T14:13:12.618+02:00,0
[B@2ab98b1c,[B@2e8f3273,pages,2,7476,2022-09-22T14:13:13.947+02:00,0
