[B@20f38ec,[B@130a8d24,pages,4,7698,2022-09-22T14:05:00.391+02:00,0
[B@224ee827,[B@152cc027,pages,4,7699,2022-09-22T14:05:01.048+02:00,0
[B@6e1f5236,[B@29bb817c,pages,4,7700,2022-09-22T14:05:03.702+02:00,0
[B@7ce15bbc,[B@fbf81ff,pages,4,7701,2022-09-22T14:05:08.337+02:00,0
[B@1b25ecdc,[B@6e603ea5,pages,4,7702,2022-09-22T14:05:09.007+02:00,0
[B@182aa46e,[B@6b697eed,pages,4,7703,2022-09-22T14:05:10.973+02:00,0
[B@5f1e3c50,[B@3064b400,pages,4,7704,2022-09-22T14:05:12.315+02:00,0
[B@7da07fb6,[B@5d1ef8f9,pages,4,7705,2022-09-22T14:05:13.304+02:00,0
[B@734cb3b6,[B@661ddd6b,pages,4,7706,2022-09-22T14:05:14.958+02:00,0
[B@183e43d1,[B@324da91f,pages,4,7707,2022-09-22T14:05:16.628+02:00,0
[B@240a6de3,[B@2c741a8c,pages,4,7708,2022-09-22T14:05:18.289+02:00,0
[B@46bee418,[B@1964b881,pages,4,7709,2022-09-22T14:05:19.632+02:00,0
[B@6e76bb3b,[B@62da7c03,pages,4,7710,2022-09-22T14:05:21.956+02:00,0
[B@53f5da64,[B@6fe9c02b,pages,4,7711,2022-09-22T14:05:22.960+02:00,0
[B@341d118e,[B@516596a,pages,4,7712,2022-09-22T14:05:26.598+02:00,0
[B@78cd9556,[B@5984eafc,pages,4,7713,2022-09-22T14:05:28.566+02:00,0
[B@5490123,[B@32a3c5e9,pages,4,7714,2022-09-22T14:05:30.218+02:00,0
[B@26d091ce,[B@58fd5ce2,pages,4,7715,2022-09-22T14:05:30.550+02:00,0
[B@15700ec7,[B@39501d0d,pages,4,7716,2022-09-22T14:05:30.879+02:00,0
[B@1b2ca508,[B@2984f0c3,pages,4,7717,2022-09-22T14:05:31.208+02:00,0
[B@3c97d502,[B@5960fe8,pages,4,7718,2022-09-22T14:05:31.546+02:00,0
[B@7beceeb7,[B@75600be1,pages,4,7719,2022-09-22T14:05:31.878+02:00,0
[B@775def8a,[B@420157c6,pages,4,7720,2022-09-22T14:05:35.894+02:00,0
[B@5e849067,[B@2b4ea755,pages,4,7721,2022-09-22T14:05:36.216+02:00,0
[B@33772c09,[B@7b80e2c6,pages,4,7722,2022-09-22T14:05:37.546+02:00,0
[B@1fd5279,[B@5f57391c,pages,4,7723,2022-09-22T14:05:37.885+02:00,0
[B@554a419b,[B@29200f26,pages,4,7724,2022-09-22T14:05:38.552+02:00,0
[B@4225eee1,[B@245cb060,pages,4,7725,2022-09-22T14:05:41.541+02:00,0
[B@231d6be9,[B@aed0993,pages,4,7726,2022-09-22T14:05:45.839+02:00,0
[B@6752acc9,[B@264ccff3,pages,4,7727,2022-09-22T14:05:46.501+02:00,0
[B@6ec6baf0,[B@c85872a,pages,4,7728,2022-09-22T14:05:47.799+02:00,0
[B@7e434697,[B@3eb02dfb,pages,4,7729,2022-09-22T14:06:00.012+02:00,0
[B@65fa11e7,[B@45e666a5,pages,4,7730,2022-09-22T14:06:01.998+02:00,0
[B@21f5e770,[B@1e15c940,pages,4,7731,2022-09-22T14:06:02.999+02:00,0
[B@2b55964c,[B@5df00ecd,pages,4,7732,2022-09-22T14:06:03.332+02:00,0
[B@53b0ac64,[B@635f209b,pages,4,7733,2022-09-22T14:06:03.997+02:00,0
[B@643f3d4a,[B@3964c166,pages,4,7734,2022-09-22T14:06:08.604+02:00,0
[B@6fe199a2,[B@7520373d,pages,4,7735,2022-09-22T14:06:09.270+02:00,0
[B@68e891be,[B@77981234,pages,4,7736,2022-09-22T14:06:09.599+02:00,0
[B@14d7a9ec,[B@60bafd94,pages,4,7737,2022-09-22T14:06:11.915+02:00,0
[B@4c73f55c,[B@7b4d5754,pages,4,7738,2022-09-22T14:06:14.904+02:00,0
[B@52fc1918,[B@651d088e,pages,4,7739,2022-09-22T14:06:19.554+02:00,0
[B@3697c864,[B@27f1ce15,pages,4,7740,2022-09-22T14:06:19.879+02:00,0
[B@15f7372a,[B@18230462,pages,4,7741,2022-09-22T14:06:20.204+02:00,0
[B@107f3bea,[B@39d7ce96,pages,4,7742,2022-09-22T14:06:25.491+02:00,0
[B@15b5f0e1,[B@15b5f621,pages,4,7743,2022-09-22T14:06:25.830+02:00,0
[B@7c7c2f16,[B@7bd8ed71,pages,4,7744,2022-09-22T14:06:26.170+02:00,0
[B@41d03813,[B@7beedaf6,pages,4,7745,2022-09-22T14:06:27.486+02:00,0
[B@66f75e02,[B@5a7894c8,pages,4,7746,2022-09-22T14:06:27.815+02:00,0
[B@1a283f34,[B@179c7fed,pages,4,7747,2022-09-22T14:06:31.450+02:00,0
[B@4bc73452,[B@55073736,pages,4,7748,2022-09-22T14:06:31.785+02:00,0
[B@e0d733d,[B@7a9a1606,pages,4,7749,2022-09-22T14:06:32.784+02:00,0
[B@88dd8a3,[B@645fe003,pages,4,7750,2022-09-22T14:06:34.110+02:00,0
[B@12ee32e,[B@2baeff2b,pages,4,7751,2022-09-22T14:06:38.033+02:00,0
[B@4d80723d,[B@5644dc76,pages,4,7752,2022-09-22T14:06:38.702+02:00,0
[B@20856203,[B@7c8e969f,pages,4,7753,2022-09-22T14:06:39.685+02:00,0
[B@32d112a9,[B@4286dfe9,pages,4,7754,2022-09-22T14:06:41.327+02:00,0
[B@491828c0,[B@412a6512,pages,4,7755,2022-09-22T14:06:41.981+02:00,0
[B@7bd463c4,[B@f5982c0,pages,4,7756,2022-09-22T14:06:42.636+02:00,0
[B@70fe5c3,[B@159f02c5,pages,4,7757,2022-09-22T14:06:46.295+02:00,0
[B@4d8d89f1,[B@e815d02,pages,4,7758,2022-09-22T14:06:47.966+02:00,0
[B@765890ec,[B@1b3c3dc8,pages,4,7759,2022-09-22T14:06:48.633+02:00,0
[B@3a5fed5f,[B@3eb2ce5b,pages,4,7760,2022-09-22T14:06:50.264+02:00,0
[B@cdff691,[B@767758bf,pages,4,7761,2022-09-22T14:06:50.588+02:00,0
[B@3387763b,[B@1b6fb606,pages,4,7762,2022-09-22T14:06:52.914+02:00,0
[B@68f7b084,[B@2489af85,pages,4,7763,2022-09-22T14:06:53.237+02:00,0
[B@2c372381,[B@4a0e7f87,pages,4,7764,2022-09-22T14:06:54.880+02:00,0
[B@1fa885d2,[B@76b4f425,pages,4,7765,2022-09-22T14:06:59.175+02:00,0
[B@630aea59,[B@5a4153f8,pages,4,7766,2022-09-22T14:07:03.130+02:00,0
[B@19cdb77,[B@50d802bd,pages,4,7767,2022-09-22T14:07:03.784+02:00,0
[B@64b462dd,[B@34ba3320,pages,4,7768,2022-09-22T14:07:04.128+02:00,0
[B@539a11a3,[B@43473c87,pages,4,7769,2022-09-22T14:07:06.431+02:00,0
[B@4a21cb8,[B@61640c3f,pages,4,7770,2022-09-22T14:07:10.393+02:00,0
[B@62f00eb9,[B@1829a564,pages,4,7771,2022-09-22T14:07:13.396+02:00,0
[B@c7a3d05,[B@4dbecd41,pages,4,7772,2022-09-22T14:07:14.386+02:00,0
[B@2fd99789,[B@7a8e1593,pages,4,7773,2022-09-22T14:07:15.372+02:00,0
[B@27c19dd2,[B@1c2e98ae,pages,4,7774,2022-09-22T14:07:16.037+02:00,0
[B@7fa8317d,[B@75809196,pages,4,7775,2022-09-22T14:07:16.684+02:00,0
[B@5e04bdf9,[B@3607a57f,pages,4,7776,2022-09-22T14:07:17.682+02:00,0
[B@81a591b,[B@796775af,pages,4,7777,2022-09-22T14:07:18.981+02:00,0
[B@277e40f,[B@9508563,pages,4,7778,2022-09-22T14:07:20.357+02:00,0
[B@5358c7d3,[B@11d00a1a,pages,4,7779,2022-09-22T14:07:21.014+02:00,0
[B@2cbac3b3,[B@21cc20da,pages,4,7780,2022-09-22T14:07:23.329+02:00,0
[B@343f1d6f,[B@252e5128,pages,4,7781,2022-09-22T14:07:24.978+02:00,0
[B@5f73a965,[B@1ff988a1,pages,4,7782,2022-09-22T14:07:27.280+02:00,0
[B@53612a54,[B@4918601,pages,4,7783,2022-09-22T14:07:28.925+02:00,0
[B@46eb2f77,[B@15040b8b,pages,4,7784,2022-09-22T14:07:30.260+02:00,0
[B@4feda0f5,[B@47448687,pages,4,7785,2022-09-22T14:07:32.265+02:00,0
[B@584b898f,[B@6da6995e,pages,4,7786,2022-09-22T14:07:35.950+02:00,0
[B@4f6e7617,[B@2c7db1c3,pages,4,7787,2022-09-22T14:07:36.283+02:00,0
[B@28fe4232,[B@71cb521a,pages,4,7788,2022-09-22T14:07:37.610+02:00,0
[B@4d295cfa,[B@c1b1f35,pages,4,7789,2022-09-22T14:07:38.933+02:00,0
[B@56ae2356,[B@7d5ef01b,pages,4,7790,2022-09-22T14:07:40.591+02:00,0
[B@7a17adc6,[B@2e21f706,pages,4,7791,2022-09-22T14:07:40.917+02:00,0
[B@9b2c507,[B@3662202,pages,4,7792,2022-09-22T14:07:44.219+02:00,0
[B@44d8d635,[B@65e0806f,pages,4,7793,2022-09-22T14:07:46.884+02:00,0
[B@7a65fb29,[B@48a1a055,pages,4,7794,2022-09-22T14:07:48.207+02:00,0
[B@4a4abe0a,[B@2b48bcd4,pages,4,7795,2022-09-22T14:07:50.185+02:00,0
[B@7e21b627,[B@3bc702be,pages,4,7796,2022-09-22T14:07:50.524+02:00,0
[B@24e24122,[B@4a22f776,pages,4,7797,2022-09-22T14:07:50.854+02:00,0
[B@3941e09b,[B@3a10d7ff,pages,4,7798,2022-09-22T14:07:51.845+02:00,0
[B@ccd6ace,[B@5109b566,pages,4,7799,2022-09-22T14:07:53.816+02:00,0
[B@67fac2e4,[B@5be95ecb,pages,4,7800,2022-09-22T14:07:56.783+02:00,0
[B@3c15d462,[B@20abf403,pages,4,7801,2022-09-22T14:07:57.782+02:00,0
[B@1177ff10,[B@79e4f3,pages,4,7802,2022-09-22T14:08:00.436+02:00,0
[B@125d965a,[B@6d2963fe,pages,4,7803,2022-09-22T14:08:01.758+02:00,0
[B@43088e34,[B@c99a4da,pages,4,7804,2022-09-22T14:08:03.091+02:00,0
[B@72081c55,[B@5498a779,pages,4,7805,2022-09-22T14:08:05.757+02:00,0
[B@53e6faf0,[B@12183b22,pages,4,7806,2022-09-22T14:08:10.733+02:00,0
[B@20406780,[B@3172bf9e,pages,4,7807,2022-09-22T14:08:11.061+02:00,0
[B@5527f23a,[B@6351297,pages,4,7808,2022-09-22T14:08:11.390+02:00,0
[B@25ea19b6,[B@1c0dcda,pages,4,7809,2022-09-22T14:08:13.711+02:00,0
[B@6b1c58fa,[B@45934ea4,pages,4,7810,2022-09-22T14:08:14.051+02:00,0
[B@30c1d809,[B@3760e4c7,pages,4,7811,2022-09-22T14:08:15.369+02:00,0
[B@3eb2b159,[B@610b3e45,pages,4,7812,2022-09-22T14:08:17.027+02:00,0
[B@5fb4a3fd,[B@6fc22210,pages,4,7813,2022-09-22T14:08:18.368+02:00,0
[B@44517ec8,[B@7c909911,pages,4,7814,2022-09-22T14:08:19.029+02:00,0
[B@6417635,[B@786d064f,pages,4,7815,2022-09-22T14:08:21.348+02:00,0
[B@370580b4,[B@4fa5cf54,pages,4,7816,2022-09-22T14:08:21.680+02:00,0
[B@4258f84b,[B@5297c131,pages,4,7817,2022-09-22T14:08:26.272+02:00,0
[B@498cebf7,[B@28b252fd,pages,4,7818,2022-09-22T14:08:28.906+02:00,0
[B@2d2d7d00,[B@415fbfdd,pages,4,7819,2022-09-22T14:08:30.545+02:00,0
[B@6fa23752,[B@55bda5e1,pages,4,7820,2022-09-22T14:08:30.892+02:00,0
[B@13be172b,[B@2fa3f3d6,pages,4,7821,2022-09-22T14:08:31.892+02:00,0
[B@51c549d7,[B@69ef7ca3,pages,4,7822,2022-09-22T14:08:32.554+02:00,0
[B@a8b29fa,[B@3a86463e,pages,4,7823,2022-09-22T14:08:33.564+02:00,0
[B@41762b48,[B@53ee5da1,pages,4,7824,2022-09-22T14:08:35.871+02:00,0
[B@f96adf,[B@8c67b48,pages,4,7825,2022-09-22T14:08:36.865+02:00,0
[B@789a3d73,[B@59b86494,pages,4,7826,2022-09-22T14:08:37.194+02:00,0
[B@125c52ee,[B@297b77d6,pages,4,7827,2022-09-22T14:08:38.189+02:00,0
[B@a3a62f,[B@1aa5ee6b,pages,4,7828,2022-09-22T14:08:43.832+02:00,0
[B@6a9e04f3,[B@18a91bb1,pages,4,7829,2022-09-22T14:08:44.151+02:00,0
[B@5a65455,[B@3045243c,pages,4,7830,2022-09-22T14:08:45.814+02:00,0
[B@2ae6175b,[B@7ac2e525,pages,4,7831,2022-09-22T14:08:46.139+02:00,0
[B@4d7102d4,[B@548cab82,pages,4,7832,2022-09-22T14:08:47.469+02:00,0
[B@4e4a2287,[B@234c0da6,pages,4,7833,2022-09-22T14:08:49.193+02:00,0
[B@66eedcb9,[B@578fbb5d,pages,4,7834,2022-09-22T14:08:49.861+02:00,0
[B@48cee531,[B@b2ce0b3,pages,4,7835,2022-09-22T14:08:50.842+02:00,0
[B@1b37fe7b,[B@31c8fb13,pages,4,7836,2022-09-22T14:08:51.822+02:00,0
[B@e906776,[B@62d5376f,pages,4,7837,2022-09-22T14:08:52.801+02:00,0
[B@46b5d968,[B@3053b2ce,pages,4,7838,2022-09-22T14:08:57.441+02:00,0
[B@3d75c865,[B@76d0feeb,pages,4,7839,2022-09-22T14:08:58.096+02:00,0
[B@1ec617c0,[B@33ae1314,pages,4,7840,2022-09-22T14:09:00.066+02:00,0
[B@208bd3e4,[B@515d46b8,pages,4,7841,2022-09-22T14:09:00.402+02:00,0
[B@7f0b2344,[B@3cfea902,pages,4,7842,2022-09-22T14:09:01.416+02:00,0
[B@4214598a,[B@79c7bff6,pages,4,7843,2022-09-22T14:09:01.738+02:00,0
[B@5ff0b289,[B@160fa6cc,pages,4,7844,2022-09-22T14:09:02.744+02:00,0
[B@7637658e,[B@32cb5cb1,pages,4,7845,2022-09-22T14:09:03.067+02:00,0
[B@68f5d49b,[B@327368f,pages,4,7846,2022-09-22T14:09:03.728+02:00,0
[B@4ef13870,[B@2637dbcb,pages,4,7847,2022-09-22T14:09:04.060+02:00,0
[B@6020829a,[B@5a89535f,pages,4,7848,2022-09-22T14:09:06.697+02:00,0
[B@1dfcd2c6,[B@58dbb31,pages,4,7849,2022-09-22T14:09:07.695+02:00,0
[B@61ddcd48,[B@71de6987,pages,4,7850,2022-09-22T14:09:09.698+02:00,0
[B@a4fff98,[B@62f399d3,pages,4,7851,2022-09-22T14:09:12.007+02:00,0
[B@6d4bbf48,[B@6fdb6137,pages,4,7852,2022-09-22T14:09:13.980+02:00,0
[B@1a1df06b,[B@645edffa,pages,4,7853,2022-09-22T14:09:14.958+02:00,0
[B@545f8dc6,[B@60b98ca3,pages,4,7854,2022-09-22T14:09:15.293+02:00,0
[B@1552b677,[B@7e11a28,pages,4,7855,2022-09-22T14:09:16.935+02:00,0
[B@2f7896af,[B@308cb77,pages,4,7856,2022-09-22T14:09:18.251+02:00,0
[B@369246f,[B@c565e70,pages,4,7857,2022-09-22T14:09:24.858+02:00,0
[B@67f06cbb,[B@22e65041,pages,4,7858,2022-09-22T14:09:30.813+02:00,0
[B@6866522e,[B@56fd248c,pages,4,7859,2022-09-22T14:09:33.796+02:00,0
[B@320c0f5c,[B@22f83504,pages,4,7860,2022-09-22T14:09:36.749+02:00,0
[B@7855f457,[B@47337695,pages,4,7861,2022-09-22T14:09:38.770+02:00,0
[B@1517e7c0,[B@7624a073,pages,4,7862,2022-09-22T14:09:39.421+02:00,0
[B@218415ac,[B@7ddf48d7,pages,4,7863,2022-09-22T14:09:39.751+02:00,0
[B@575c994b,[B@4288ceb,pages,4,7864,2022-09-22T14:09:40.086+02:00,0
[B@500d0b7,[B@29eb930,pages,4,7865,2022-09-22T14:09:42.401+02:00,0
[B@31bbeee9,[B@71b463e1,pages,4,7866,2022-09-22T14:09:43.725+02:00,0
[B@72329008,[B@592e047,pages,4,7867,2022-09-22T14:09:45.055+02:00,0
[B@6b308aba,[B@39c94756,pages,4,7868,2022-09-22T14:09:45.388+02:00,0
[B@5f1d22b7,[B@4d1f61cb,pages,4,7869,2022-09-22T14:09:46.047+02:00,0
[B@22954788,[B@5115477b,pages,4,7870,2022-09-22T14:09:46.702+02:00,0
[B@67abdf74,[B@518ceb73,pages,4,7871,2022-09-22T14:09:50.027+02:00,0
[B@59ad5fcd,[B@2278e51c,pages,4,7872,2022-09-22T14:09:51.028+02:00,0
[B@1b91de58,[B@2df0792a,pages,4,7873,2022-09-22T14:09:51.699+02:00,0
[B@1e90086e,[B@7ba54ea5,pages,4,7874,2022-09-22T14:09:53.013+02:00,0
[B@6e532c97,[B@4044315e,pages,4,7875,2022-09-22T14:09:54.682+02:00,0
[B@5e899240,[B@f882f52,pages,4,7876,2022-09-22T14:09:58.988+02:00,0
[B@78489da0,[B@19e79d36,pages,4,7877,2022-09-22T14:10:00.645+02:00,0
[B@bee17d8,[B@45d25b48,pages,4,7878,2022-09-22T14:10:01.653+02:00,0
[B@794b7bcf,[B@5c6047fd,pages,4,7879,2022-09-22T14:10:04.294+02:00,0
[B@274bdb7e,[B@7014dcc4,pages,4,7880,2022-09-22T14:10:05.275+02:00,0
[B@5223540a,[B@ca2ae1c,pages,4,7881,2022-09-22T14:10:06.944+02:00,0
[B@75cb04dd,[B@236f045c,pages,4,7882,2022-09-22T14:10:14.203+02:00,0
[B@6ba4873f,[B@72ef1619,pages,4,7883,2022-09-22T14:10:18.214+02:00,0
[B@5f2f0975,[B@439bb28,pages,4,7884,2022-09-22T14:10:18.550+02:00,0
[B@4beb49ef,[B@413ed155,pages,4,7885,2022-09-22T14:10:20.544+02:00,0
[B@66fd1ca6,[B@2f541baa,pages,4,7886,2022-09-22T14:10:22.531+02:00,0
[B@3e619b9e,[B@962517e,pages,4,7887,2022-09-22T14:10:22.852+02:00,0
[B@77474d8,[B@8f2a6d7,pages,4,7888,2022-09-22T14:10:24.161+02:00,0
[B@3a7d613c,[B@210f3eac,pages,4,7889,2022-09-22T14:10:27.822+02:00,0
[B@5f95ce1,[B@18208697,pages,4,7890,2022-09-22T14:10:30.177+02:00,0
[B@4905702e,[B@11a7ddfc,pages,4,7891,2022-09-22T14:10:31.525+02:00,0
[B@5e76957d,[B@427ea41a,pages,4,7892,2022-09-22T14:10:34.190+02:00,0
[B@2098387b,[B@fff59a9,pages,4,7893,2022-09-22T14:10:35.176+02:00,0
[B@6548e856,[B@5221de91,pages,4,7894,2022-09-22T14:10:35.502+02:00,0
[B@331b7f4e,[B@465c4a95,pages,4,7895,2022-09-22T14:10:35.828+02:00,0
[B@64f40050,[B@38fd8f09,pages,4,7896,2022-09-22T14:10:38.124+02:00,0
[B@50747657,[B@7458862e,pages,4,7897,2022-09-22T14:10:41.417+02:00,0
[B@306aee75,[B@64bbaab6,pages,4,7898,2022-09-22T14:10:42.736+02:00,0
[B@170eaeb8,[B@27573381,pages,4,7899,2022-09-22T14:10:44.073+02:00,0
[B@40296858,[B@797e94f1,pages,4,7900,2022-09-22T14:10:48.378+02:00,0
[B@1b679e08,[B@5327dde,pages,4,7901,2022-09-22T14:10:48.704+02:00,0
[B@e52be88,[B@3867aaf,pages,4,7902,2022-09-22T14:10:50.033+02:00,0
[B@24b63309,[B@32fc76cc,pages,4,7903,2022-09-22T14:10:52.036+02:00,0
[B@29c128e5,[B@19a26c70,pages,4,7904,2022-09-22T14:10:54.352+02:00,0
[B@c992a36,[B@5d02677f,pages,4,7905,2022-09-22T14:10:58.982+02:00,0
[B@7d24ea3a,[B@776fd802,pages,4,7906,2022-09-22T14:11:08.620+02:00,0
[B@32e28443,[B@7c9524ff,pages,4,7907,2022-09-22T14:11:14.255+02:00,0
[B@263a646d,[B@2f9c1760,pages,4,7908,2022-09-22T14:11:16.250+02:00,0
[B@97a5e4c,[B@5c1d2140,pages,4,7909,2022-09-22T14:11:17.904+02:00,0
[B@29713fa2,[B@66190afb,pages,4,7910,2022-09-22T14:11:23.565+02:00,0
[B@3dcab04a,[B@8688192,pages,4,7911,2022-09-22T14:11:28.852+02:00,0
[B@28443312,[B@6a4aa33,pages,4,7912,2022-09-22T14:11:31.858+02:00,0
[B@6e84124d,[B@222c7a1e,pages,4,7913,2022-09-22T14:11:40.460+02:00,0
[B@2bf901ea,[B@8afc394,pages,4,7914,2022-09-22T14:11:41.447+02:00,0
[B@4677beb6,[B@7cac0ec,pages,4,7915,2022-09-22T14:11:41.767+02:00,0
[B@64df67ae,[B@129aabc2,pages,4,7916,2022-09-22T14:11:45.738+02:00,0
[B@69e32529,[B@387f5559,pages,4,7917,2022-09-22T14:11:46.396+02:00,0
[B@2782b7ef,[B@6081dc66,pages,4,7918,2022-09-22T14:11:48.742+02:00,0
[B@10bb7732,[B@522c2de1,pages,4,7919,2022-09-22T14:11:51.360+02:00,0
[B@60a3c584,[B@eaf471a,pages,4,7920,2022-09-22T14:11:53.009+02:00,0
[B@45e6a31a,[B@7616cd62,pages,4,7921,2022-09-22T14:11:54.005+02:00,0
[B@8e7b9c1,[B@7c04a850,pages,4,7922,2022-09-22T14:11:57.298+02:00,0
[B@c8a3ab9,[B@4cb78b97,pages,4,7923,2022-09-22T14:11:57.959+02:00,0
[B@792b0a71,[B@20b46b2c,pages,4,7924,2022-09-22T14:11:58.625+02:00,0
[B@7d36d271,[B@dad0573,pages,4,7925,2022-09-22T14:11:59.292+02:00,0
[B@2cf4fe35,[B@2f1a1d8c,pages,4,7926,2022-09-22T14:11:59.622+02:00,0
[B@6474e744,[B@197e024,pages,4,7927,2022-09-22T14:12:00.627+02:00,0
[B@a19a375,[B@751029c7,pages,4,7928,2022-09-22T14:12:01.962+02:00,0
[B@361dbee6,[B@8b5fec1,pages,4,7929,2022-09-22T14:12:02.291+02:00,0
[B@4f70e6a9,[B@3b5aa091,pages,4,7930,2022-09-22T14:12:02.623+02:00,0
[B@60ebc392,[B@478f7ab8,pages,4,7931,2022-09-22T14:12:03.607+02:00,0
[B@f02994e,[B@61b2fe17,pages,4,7932,2022-09-22T14:12:04.270+02:00,0
[B@5f7b56e0,[B@631dbd0d,pages,4,7933,2022-09-22T14:12:05.935+02:00,0
[B@784e90c9,[B@efa8b91,pages,4,7934,2022-09-22T14:12:10.251+02:00,0
[B@bb310f8,[B@5c82156,pages,4,7935,2022-09-22T14:12:10.899+02:00,0
[B@98c31fe,[B@53f0855d,pages,4,7936,2022-09-22T14:12:11.230+02:00,0
[B@40d76b0b,[B@45130d6,pages,4,7937,2022-09-22T14:12:12.219+02:00,0
[B@6cbaf263,[B@3bb758c4,pages,4,7938,2022-09-22T14:12:13.225+02:00,0
[B@40c3e38a,[B@4d99acc4,pages,4,7939,2022-09-22T14:12:17.538+02:00,0
[B@768b66fe,[B@777b6193,pages,4,7940,2022-09-22T14:12:18.865+02:00,0
[B@287b1345,[B@28046502,pages,4,7941,2022-09-22T14:12:19.528+02:00,0
[B@5955a6a,[B@29cec4b2,pages,4,7942,2022-09-22T14:12:19.875+02:00,0
[B@59df0bf5,[B@527859b9,pages,4,7943,2022-09-22T14:12:20.533+02:00,0
[B@7d110f96,[B@2225afd2,pages,4,7944,2022-09-22T14:12:26.467+02:00,0
[B@30488c0,[B@13a1bc88,pages,4,7945,2022-09-22T14:12:28.809+02:00,0
[B@66b97cd5,[B@69ed04ef,pages,4,7946,2022-09-22T14:12:33.155+02:00,0
[B@4e08d39a,[B@50d3632f,pages,4,7947,2022-09-22T14:12:34.806+02:00,0
[B@7da1f234,[B@7cea5b13,pages,4,7948,2022-09-22T14:12:35.798+02:00,0
[B@7476c317,[B@3ff71cad,pages,4,7949,2022-09-22T14:12:36.458+02:00,0
[B@4d357935,[B@63299143,pages,4,7950,2022-09-22T14:12:38.447+02:00,0
[B@2185984a,[B@2610faa3,pages,4,7951,2022-09-22T14:12:43.102+02:00,0
[B@408ac385,[B@6f86f15e,pages,4,7952,2022-09-22T14:12:43.424+02:00,0
[B@62cc732c,[B@43285834,pages,4,7953,2022-09-22T14:12:43.754+02:00,0
[B@55282d3f,[B@d7c3ac5,pages,4,7954,2022-09-22T14:12:44.764+02:00,0
[B@c286d55,[B@dc06d1c,pages,4,7955,2022-09-22T14:12:46.797+02:00,0
[B@1915e84e,[B@75d353bb,pages,4,7956,2022-09-22T14:12:47.133+02:00,0
[B@3a5eda91,[B@3478e84b,pages,4,7957,2022-09-22T14:12:47.473+02:00,0
[B@2992112,[B@6d38f471,pages,4,7958,2022-09-22T14:12:52.448+02:00,0
[B@21fe2115,[B@5237afd1,pages,4,7959,2022-09-22T14:12:55.122+02:00,0
[B@19ed9534,[B@33dc6104,pages,4,7960,2022-09-22T14:13:00.071+02:00,0
[B@63fa18e3,[B@cdc6a6a,pages,4,7961,2022-09-22T14:13:01.393+02:00,0
[B@796d0af0,[B@29699098,pages,4,7962,2022-09-22T14:13:02.728+02:00,0
[B@1a67b856,[B@75871e4a,pages,4,7963,2022-09-22T14:13:03.058+02:00,0
[B@64acb080,[B@1a411dd,pages,4,7964,2022-09-22T14:13:03.720+02:00,0
[B@26a6bcb7,[B@6b1e9367,pages,4,7965,2022-09-22T14:13:04.707+02:00,0
[B@6ab70634,[B@4bbcc846,pages,4,7966,2022-09-22T14:13:06.361+02:00,0
[B@586c9682,[B@4776b343,pages,4,7967,2022-09-22T14:13:07.018+02:00,0
[B@15a28b3f,[B@38719f35,pages,4,7968,2022-09-22T14:13:11.628+02:00,0
[B@495d63f,[B@760b8145,pages,4,7969,2022-09-22T14:13:11.969+02:00,0
[B@777117c8,[B@43cda624,pages,4,7970,2022-09-22T14:13:13.284+02:00,0
[B@69c3a44c,[B@43680198,pages,4,7971,2022-09-22T14:13:15.611+02:00,0
[B@3c58816a,[B@128afc43,pages,4,7972,2022-09-22T14:13:16.276+02:00,0
[B@661fdb9a,[B@65f87200,pages,4,7973,2022-09-22T14:13:17.259+02:00,0
[B@1d53ec04,[B@587e6309,pages,4,7974,2022-09-22T14:13:18.578+02:00,0
[B@4025a097,[B@666ba2e1,pages,4,7975,2022-09-22T14:13:19.236+02:00,0
[B@64da41e4,[B@4f17005d,pages,4,7976,2022-09-22T14:13:19.896+02:00,0
