[B@3561ff3,[B@8ea6137,pages,0,7591,2022-09-22T14:04:54.094+02:00,0
[B@efb7b8b,[B@7138ba8d,pages,0,7592,2022-09-22T14:04:54.415+02:00,0
[B@42a29ade,[B@191aa864,pages,0,7593,2022-09-22T14:04:55.077+02:00,0
[B@4c68afef,[B@7830983d,pages,0,7594,2022-09-22T14:04:57.052+02:00,0
[B@2e12998f,[B@62875da1,pages,0,7595,2022-09-22T14:04:57.722+02:00,0
[B@6b9991c9,[B@17141df7,pages,0,7596,2022-09-22T14:04:59.065+02:00,0
[B@2df0207b,[B@75c21a31,pages,0,7597,2022-09-22T14:04:59.728+02:00,0
[B@5272da99,[B@653e9e85,pages,0,7598,2022-09-22T14:05:02.385+02:00,0
[B@496199a1,[B@2c17012e,pages,0,7599,2022-09-22T14:05:06.029+02:00,0
[B@68f5a027,[B@79aec10a,pages,0,7600,2022-09-22T14:05:06.364+02:00,0
[B@3cc7f30f,[B@28cd8bc8,pages,0,7601,2022-09-22T14:05:06.698+02:00,0
[B@6d7cf26e,[B@62d5d85a,pages,0,7602,2022-09-22T14:05:08.014+02:00,0
[B@61091084,[B@255e44a6,pages,0,7603,2022-09-22T14:05:10.641+02:00,0
[B@2fbb3de1,[B@63e03744,pages,0,7604,2022-09-22T14:05:11.308+02:00,0
[B@4a44968c,[B@1d688016,pages,0,7605,2022-09-22T14:05:12.972+02:00,0
[B@6b4af26f,[B@9f2a255,pages,0,7606,2022-09-22T14:05:13.631+02:00,0
[B@67eca511,[B@3e5de1ca,pages,0,7607,2022-09-22T14:05:13.959+02:00,0
[B@238b5e4,[B@1e444ffc,pages,0,7608,2022-09-22T14:05:14.295+02:00,0
[B@1c02a508,[B@4d8054f3,pages,0,7609,2022-09-22T14:05:17.953+02:00,0
[B@a505f32,[B@3657ca2b,pages,0,7610,2022-09-22T14:05:18.622+02:00,0
[B@3ff4030c,[B@709cffcd,pages,0,7611,2022-09-22T14:05:18.966+02:00,0
[B@78bd8723,[B@70331c8d,pages,0,7612,2022-09-22T14:05:19.963+02:00,0
[B@6fc08de4,[B@78b56546,pages,0,7613,2022-09-22T14:05:24.276+02:00,0
[B@6ca561ec,[B@41acf81,pages,0,7614,2022-09-22T14:05:25.948+02:00,0
[B@6f5ecd4b,[B@3c921ab3,pages,0,7615,2022-09-22T14:05:28.236+02:00,0
[B@7b7fa6cc,[B@29cb18e5,pages,0,7616,2022-09-22T14:05:32.871+02:00,0
[B@30e6bc02,[B@1c8d7f2f,pages,0,7617,2022-09-22T14:05:34.882+02:00,0
[B@1ac2f3b4,[B@6bbfcc39,pages,0,7618,2022-09-22T14:05:35.218+02:00,0
[B@6ebc6be0,[B@19bf151f,pages,0,7619,2022-09-22T14:05:38.217+02:00,0
[B@14ed1acf,[B@1a6c26f,pages,0,7620,2022-09-22T14:05:39.228+02:00,0
[B@cc85ad0,[B@6d3ea1bb,pages,0,7621,2022-09-22T14:05:39.887+02:00,0
[B@1179e5b1,[B@267bf84b,pages,0,7622,2022-09-22T14:05:40.874+02:00,0
[B@682b388e,[B@70007f49,pages,0,7623,2022-09-22T14:05:44.833+02:00,0
[B@2e0a4895,[B@574a54bf,pages,0,7624,2022-09-22T14:05:47.479+02:00,0
[B@6694e990,[B@151d383c,pages,0,7625,2022-09-22T14:05:49.119+02:00,0
[B@692f84ea,[B@6c45dadc,pages,0,7626,2022-09-22T14:05:49.448+02:00,0
[B@2ddc66ad,[B@517c67f2,pages,0,7627,2022-09-22T14:05:49.773+02:00,0
[B@44e1b1e3,[B@6300099,pages,0,7628,2022-09-22T14:05:50.429+02:00,0
[B@4817f7fc,[B@7ae64afb,pages,0,7629,2022-09-22T14:05:52.111+02:00,0
[B@334192ed,[B@357368d4,pages,0,7630,2022-09-22T14:05:52.445+02:00,0
[B@422cd191,[B@a55eabd,pages,0,7631,2022-09-22T14:05:54.094+02:00,0
[B@35bcc7e0,[B@1b273c4b,pages,0,7632,2022-09-22T14:05:54.417+02:00,0
[B@3f23d6e7,[B@1a86d3bc,pages,0,7633,2022-09-22T14:05:57.055+02:00,0
[B@49d684cb,[B@6bb12cde,pages,0,7634,2022-09-22T14:06:02.665+02:00,0
[B@4a044ba1,[B@66b37a6e,pages,0,7635,2022-09-22T14:06:04.976+02:00,0
[B@1bbe5aaf,[B@790b42da,pages,0,7636,2022-09-22T14:06:06.619+02:00,0
[B@11ba4719,[B@6c272f4a,pages,0,7637,2022-09-22T14:06:08.278+02:00,0
[B@5257b43,[B@269be4af,pages,0,7638,2022-09-22T14:06:11.589+02:00,0
[B@65daedea,[B@3052d364,pages,0,7639,2022-09-22T14:06:17.561+02:00,0
[B@1e03494e,[B@674478bd,pages,0,7640,2022-09-22T14:06:18.887+02:00,0
[B@55c37c02,[B@73ac4c2d,pages,0,7641,2022-09-22T14:06:20.859+02:00,0
[B@7761222f,[B@33a43dee,pages,0,7642,2022-09-22T14:06:21.201+02:00,0
[B@7dc974f4,[B@6c959244,pages,0,7643,2022-09-22T14:06:26.505+02:00,0
[B@129ba5a3,[B@c2b153,pages,0,7644,2022-09-22T14:06:29.461+02:00,0
[B@369a1b6b,[B@76ddb84e,pages,0,7645,2022-09-22T14:06:32.447+02:00,0
[B@3924ad8b,[B@2cf9dbd5,pages,0,7646,2022-09-22T14:06:36.401+02:00,0
[B@4adedc62,[B@51da02bf,pages,0,7647,2022-09-22T14:06:37.058+02:00,0
[B@4d0eb5fa,[B@2fcbf8fd,pages,0,7648,2022-09-22T14:06:39.025+02:00,0
[B@134a0caa,[B@12042b86,pages,0,7649,2022-09-22T14:06:40.345+02:00,0
[B@2a1ded59,[B@5a61e4f7,pages,0,7650,2022-09-22T14:06:45.960+02:00,0
[B@198d8c4d,[B@2ae6cce1,pages,0,7651,2022-09-22T14:06:47.631+02:00,0
[B@6fd49bc1,[B@3a478c90,pages,0,7652,2022-09-22T14:06:50.925+02:00,0
[B@4fdd9071,[B@5340ccaf,pages,0,7653,2022-09-22T14:06:52.586+02:00,0
[B@18814f95,[B@1e246319,pages,0,7654,2022-09-22T14:06:53.564+02:00,0
[B@3d5936b4,[B@68a9b004,pages,0,7655,2022-09-22T14:06:54.221+02:00,0
[B@7a46a763,[B@47c73f99,pages,0,7656,2022-09-22T14:06:55.544+02:00,0
[B@335f5d43,[B@1653f2bc,pages,0,7657,2022-09-22T14:06:56.204+02:00,0
[B@596122aa,[B@27a4f5e8,pages,0,7658,2022-09-22T14:07:00.481+02:00,0
[B@6e58011a,[B@6797d87f,pages,0,7659,2022-09-22T14:07:07.102+02:00,0
[B@3733d255,[B@37387aee,pages,0,7660,2022-09-22T14:07:10.732+02:00,0
[B@19c6edc2,[B@404b9aa5,pages,0,7661,2022-09-22T14:07:13.723+02:00,0
[B@69c35983,[B@1d58a15f,pages,0,7662,2022-09-22T14:07:20.022+02:00,0
[B@33dee7cb,[B@2fdcdda7,pages,0,7663,2022-09-22T14:07:21.350+02:00,0
[B@5c20969e,[B@42a861c,pages,0,7664,2022-09-22T14:07:22.330+02:00,0
[B@408ec9ed,[B@97605be,pages,0,7665,2022-09-22T14:07:24.313+02:00,0
[B@513af668,[B@1f09035,pages,0,7666,2022-09-22T14:07:28.262+02:00,0
[B@3787f047,[B@e6548fc,pages,0,7667,2022-09-22T14:07:28.597+02:00,0
[B@8ea76ee,[B@d1e3efe,pages,0,7668,2022-09-22T14:07:33.318+02:00,0
[B@593e2d2,[B@21956834,pages,0,7669,2022-09-22T14:07:41.245+02:00,0
[B@7a9337ee,[B@6061f8c,pages,0,7670,2022-09-22T14:07:41.568+02:00,0
[B@1c19e8ec,[B@1647e793,pages,0,7671,2022-09-22T14:07:44.563+02:00,0
[B@75888ef2,[B@434415b0,pages,0,7672,2022-09-22T14:07:48.870+02:00,0
[B@1049dbbc,[B@391bcd59,pages,0,7673,2022-09-22T14:07:49.524+02:00,0
[B@8553b96,[B@6b5f46b9,pages,0,7674,2022-09-22T14:07:49.849+02:00,0
[B@3515f455,[B@520386ab,pages,0,7675,2022-09-22T14:07:52.169+02:00,0
[B@732b8ef6,[B@625074a4,pages,0,7676,2022-09-22T14:07:53.493+02:00,0
[B@787d83e7,[B@3605649d,pages,0,7677,2022-09-22T14:07:54.469+02:00,0
[B@19f60095,[B@7862b25b,pages,0,7678,2022-09-22T14:07:54.807+02:00,0
[B@6c94740b,[B@71a8d488,pages,0,7679,2022-09-22T14:07:55.792+02:00,0
[B@58738080,[B@356e11bf,pages,0,7680,2022-09-22T14:07:56.120+02:00,0
[B@7a951f35,[B@4dae887b,pages,0,7681,2022-09-22T14:07:59.113+02:00,0
[B@91d76ce,[B@4c3b6dbb,pages,0,7682,2022-09-22T14:08:00.108+02:00,0
[B@1e85bfbe,[B@27511145,pages,0,7683,2022-09-22T14:08:01.099+02:00,0
[B@4598a867,[B@525953da,pages,0,7684,2022-09-22T14:08:02.091+02:00,0
[B@61926e60,[B@4e66902e,pages,0,7685,2022-09-22T14:08:03.432+02:00,0
[B@4ebdc215,[B@56e29f9b,pages,0,7686,2022-09-22T14:08:03.763+02:00,0
[B@24711a49,[B@5e6c1909,pages,0,7687,2022-09-22T14:08:05.090+02:00,0
[B@7ee1c5bb,[B@3cbd83bb,pages,0,7688,2022-09-22T14:08:05.424+02:00,0
[B@10b26537,[B@2ea89279,pages,0,7689,2022-09-22T14:08:06.753+02:00,0
[B@5e94560a,[B@e64a638,pages,0,7690,2022-09-22T14:08:09.402+02:00,0
[B@d7ce11e,[B@67ad9192,pages,0,7691,2022-09-22T14:08:12.708+02:00,0
[B@1b75bf6b,[B@300b9f5b,pages,0,7692,2022-09-22T14:08:13.044+02:00,0
[B@5a15ec55,[B@513fd784,pages,0,7693,2022-09-22T14:08:15.040+02:00,0
[B@6787a42f,[B@b9a0ec3,pages,0,7694,2022-09-22T14:08:16.362+02:00,0
[B@7e983ca1,[B@51344701,pages,0,7695,2022-09-22T14:08:19.368+02:00,0
[B@b4837d4,[B@507fdc68,pages,0,7696,2022-09-22T14:08:20.026+02:00,0
[B@6fbd9ff2,[B@1c42c14b,pages,0,7697,2022-09-22T14:08:20.355+02:00,0
[B@567ea380,[B@784cb9bb,pages,0,7698,2022-09-22T14:08:21.018+02:00,0
[B@7b0dfb4f,[B@714f25fc,pages,0,7699,2022-09-22T14:08:22.983+02:00,0
[B@520eeaf6,[B@4f92006d,pages,0,7700,2022-09-22T14:08:25.282+02:00,0
[B@5b515d53,[B@5339f300,pages,0,7701,2022-09-22T14:08:25.610+02:00,0
[B@7645facb,[B@290b0d06,pages,0,7702,2022-09-22T14:08:27.922+02:00,0
[B@786166b1,[B@645c3b4e,pages,0,7703,2022-09-22T14:08:29.556+02:00,0
[B@3d9616ac,[B@4c045f25,pages,0,7704,2022-09-22T14:08:29.888+02:00,0
[B@3f23ecfa,[B@3aa0261b,pages,0,7705,2022-09-22T14:08:31.227+02:00,0
[B@378e7495,[B@591df836,pages,0,7706,2022-09-22T14:08:33.220+02:00,0
[B@79798bd3,[B@42d2ea19,pages,0,7707,2022-09-22T14:08:37.861+02:00,0
[B@6bc140a,[B@30d680a3,pages,0,7708,2022-09-22T14:08:39.848+02:00,0
[B@544a279,[B@501302ea,pages,0,7709,2022-09-22T14:08:41.191+02:00,0
[B@36e940a6,[B@323e0d40,pages,0,7710,2022-09-22T14:08:41.522+02:00,0
[B@12493614,[B@5a0562e5,pages,0,7711,2022-09-22T14:08:41.850+02:00,0
[B@2695f573,[B@6403a8ec,pages,0,7712,2022-09-22T14:08:45.486+02:00,0
[B@3fa1dbee,[B@4ec294b5,pages,0,7713,2022-09-22T14:08:46.468+02:00,0
[B@4775de73,[B@3ec85ab9,pages,0,7714,2022-09-22T14:08:47.138+02:00,0
[B@f079825,[B@55bac24c,pages,0,7715,2022-09-22T14:08:48.553+02:00,0
[B@3cd518ce,[B@4034907f,pages,0,7716,2022-09-22T14:08:49.533+02:00,0
[B@73c1feec,[B@706aea7a,pages,0,7717,2022-09-22T14:08:50.510+02:00,0
[B@64ed8fd1,[B@3e5c5b,pages,0,7718,2022-09-22T14:08:53.802+02:00,0
[B@7cf4f42e,[B@5b6ae8f0,pages,0,7719,2022-09-22T14:08:54.453+02:00,0
[B@53f1774b,[B@21df25ea,pages,0,7720,2022-09-22T14:08:55.117+02:00,0
[B@7ad1e07b,[B@76f0bab9,pages,0,7721,2022-09-22T14:08:55.438+02:00,0
[B@2e63c003,[B@76cb4050,pages,0,7722,2022-09-22T14:08:56.424+02:00,0
[B@36ca4ca,[B@703af36c,pages,0,7723,2022-09-22T14:08:57.766+02:00,0
[B@406946b0,[B@6c8c472d,pages,0,7724,2022-09-22T14:08:59.081+02:00,0
[B@aa0f482,[B@2da6c729,pages,0,7725,2022-09-22T14:09:05.703+02:00,0
[B@27f048eb,[B@294bc617,pages,0,7726,2022-09-22T14:09:06.035+02:00,0
[B@24423358,[B@3f463776,pages,0,7727,2022-09-22T14:09:08.366+02:00,0
[B@1ad49765,[B@6d589156,pages,0,7728,2022-09-22T14:09:08.696+02:00,0
[B@5835a756,[B@56c6d6a1,pages,0,7729,2022-09-22T14:09:10.355+02:00,0
[B@68170ca3,[B@41ece2d6,pages,0,7730,2022-09-22T14:09:10.684+02:00,0
[B@3416e2aa,[B@54054957,pages,0,7731,2022-09-22T14:09:11.680+02:00,0
[B@4272560,[B@227b8d60,pages,0,7732,2022-09-22T14:09:12.993+02:00,0
[B@21fb2837,[B@5fca92ae,pages,0,7733,2022-09-22T14:09:13.643+02:00,0
[B@62fbb012,[B@1c9521a0,pages,0,7734,2022-09-22T14:09:17.596+02:00,0
[B@64d70895,[B@6f83a943,pages,0,7735,2022-09-22T14:09:18.584+02:00,0
[B@5047ef81,[B@656a5c08,pages,0,7736,2022-09-22T14:09:18.907+02:00,0
[B@39a57390,[B@4b9e1c56,pages,0,7737,2022-09-22T14:09:20.555+02:00,0
[B@24cac943,[B@13f75bce,pages,0,7738,2022-09-22T14:09:24.529+02:00,0
[B@15c83d3,[B@3a9b5302,pages,0,7739,2022-09-22T14:09:25.517+02:00,0
[B@486915c3,[B@61690e2b,pages,0,7740,2022-09-22T14:09:25.855+02:00,0
[B@4ce4bce,[B@64ad0b16,pages,0,7741,2022-09-22T14:09:27.159+02:00,0
[B@64eacd4d,[B@4d5b9fad,pages,0,7742,2022-09-22T14:09:27.812+02:00,0
[B@3bbd3df3,[B@37447429,pages,0,7743,2022-09-22T14:09:30.479+02:00,0
[B@5765729,[B@144116dd,pages,0,7744,2022-09-22T14:09:31.157+02:00,0
[B@46c1e303,[B@523022ce,pages,0,7745,2022-09-22T14:09:32.485+02:00,0
[B@65c8e8be,[B@7923fd24,pages,0,7746,2022-09-22T14:09:37.760+02:00,0
[B@3033c0f8,[B@6346b262,pages,0,7747,2022-09-22T14:09:41.407+02:00,0
[B@41692bac,[B@27452478,pages,0,7748,2022-09-22T14:09:42.070+02:00,0
[B@9df1468,[B@5f5c7293,pages,0,7749,2022-09-22T14:09:43.071+02:00,0
[B@57e0169f,[B@59889eff,pages,0,7750,2022-09-22T14:09:44.062+02:00,0
[B@2885bdf2,[B@14719a9b,pages,0,7751,2022-09-22T14:09:45.720+02:00,0
[B@43722264,[B@5e103393,pages,0,7752,2022-09-22T14:09:48.697+02:00,0
[B@5b7f7f8e,[B@43429338,pages,0,7753,2022-09-22T14:09:49.346+02:00,0
[B@11f1e836,[B@4ea2cd30,pages,0,7754,2022-09-22T14:09:51.368+02:00,0
[B@6e815865,[B@398dddde,pages,0,7755,2022-09-22T14:09:53.671+02:00,0
[B@27a32281,[B@7fb0a008,pages,0,7756,2022-09-22T14:09:57.002+02:00,0
[B@1b968deb,[B@4c22d06a,pages,0,7757,2022-09-22T14:09:57.337+02:00,0
[B@72ab4445,[B@8611af8,pages,0,7758,2022-09-22T14:09:58.325+02:00,0
[B@27b737ca,[B@7d4c12d6,pages,0,7759,2022-09-22T14:09:59.648+02:00,0
[B@55edf856,[B@555b9ec9,pages,0,7760,2022-09-22T14:10:03.950+02:00,0
[B@4bccfacf,[B@560b9bc2,pages,0,7761,2022-09-22T14:10:12.557+02:00,0
[B@6c1ee61d,[B@653a8081,pages,0,7762,2022-09-22T14:10:13.868+02:00,0
[B@498c146b,[B@43d35313,pages,0,7763,2022-09-22T14:10:14.539+02:00,0
[B@58e67b7a,[B@6969c66f,pages,0,7764,2022-09-22T14:10:15.862+02:00,0
[B@40efb865,[B@197d30a0,pages,0,7765,2022-09-22T14:10:17.558+02:00,0
[B@722bb55e,[B@55d64fca,pages,0,7766,2022-09-22T14:10:19.211+02:00,0
[B@68c7f985,[B@184f3c0d,pages,0,7767,2022-09-22T14:10:19.871+02:00,0
[B@3761fb1f,[B@502e5a26,pages,0,7768,2022-09-22T14:10:20.871+02:00,0
[B@7728a77,[B@66bc71c0,pages,0,7769,2022-09-22T14:10:21.207+02:00,0
[B@5ebdc70b,[B@7c604990,pages,0,7770,2022-09-22T14:10:21.535+02:00,0
[B@6fd24559,[B@6a650b12,pages,0,7771,2022-09-22T14:10:22.200+02:00,0
[B@5ad00cca,[B@2402f2c9,pages,0,7772,2022-09-22T14:10:23.188+02:00,0
[B@5907839d,[B@1bf83e34,pages,0,7773,2022-09-22T14:10:25.489+02:00,0
[B@4114d7dd,[B@72b3f18c,pages,0,7774,2022-09-22T14:10:26.154+02:00,0
[B@174d8f2c,[B@4d9e0a6f,pages,0,7775,2022-09-22T14:10:26.480+02:00,0
[B@2ad3963e,[B@47012d79,pages,0,7776,2022-09-22T14:10:28.830+02:00,0
[B@3ccefe5a,[B@1be56de,pages,0,7777,2022-09-22T14:10:29.182+02:00,0
[B@37ea52b1,[B@79cedbd0,pages,0,7778,2022-09-22T14:10:30.850+02:00,0
[B@3239c69d,[B@41c27ea2,pages,0,7779,2022-09-22T14:10:33.866+02:00,0
[B@24d8d3f1,[B@2bc79ce1,pages,0,7780,2022-09-22T14:10:34.518+02:00,0
[B@57b6ba2a,[B@5d3e910,pages,0,7781,2022-09-22T14:10:36.483+02:00,0
[B@6776f500,[B@70415d9b,pages,0,7782,2022-09-22T14:10:44.406+02:00,0
[B@12c4ce53,[B@8c53e72,pages,0,7783,2022-09-22T14:10:46.702+02:00,0
[B@584b049f,[B@221c3788,pages,0,7784,2022-09-22T14:10:50.694+02:00,0
[B@169ed3ce,[B@370949c1,pages,0,7785,2022-09-22T14:10:54.682+02:00,0
[B@37e6cc43,[B@74851d40,pages,0,7786,2022-09-22T14:10:55.342+02:00,0
[B@1465a0bd,[B@69dfa4b1,pages,0,7787,2022-09-22T14:10:58.649+02:00,0
[B@685ae91d,[B@34e9864b,pages,0,7788,2022-09-22T14:11:01.623+02:00,0
[B@db0a823,[B@195e7f08,pages,0,7789,2022-09-22T14:11:02.292+02:00,0
[B@26736f3f,[B@5ed06e64,pages,0,7790,2022-09-22T14:11:04.925+02:00,0
[B@56a9242d,[B@3ce5a7cf,pages,0,7791,2022-09-22T14:11:05.251+02:00,0
[B@1523dfb,[B@5c2cc0fb,pages,0,7792,2022-09-22T14:11:06.939+02:00,0
[B@433b0f1f,[B@52f11368,pages,0,7793,2022-09-22T14:11:08.289+02:00,0
[B@425c5128,[B@784d7a80,pages,0,7794,2022-09-22T14:11:13.589+02:00,0
[B@6315d161,[B@3925f438,pages,0,7795,2022-09-22T14:11:15.249+02:00,0
[B@19d02725,[B@adad7e5,pages,0,7796,2022-09-22T14:11:18.909+02:00,0
[B@47099106,[B@511b29eb,pages,0,7797,2022-09-22T14:11:20.901+02:00,0
[B@49ead5e2,[B@155356c5,pages,0,7798,2022-09-22T14:11:22.238+02:00,0
[B@1ed974c8,[B@16855289,pages,0,7799,2022-09-22T14:11:23.901+02:00,0
[B@95fd07e,[B@6355aee,pages,0,7800,2022-09-22T14:11:25.556+02:00,0
[B@539f11d4,[B@6fb20034,pages,0,7801,2022-09-22T14:11:26.864+02:00,0
[B@1819e19c,[B@34573a5b,pages,0,7802,2022-09-22T14:11:29.188+02:00,0
[B@1f6d9cb4,[B@60a18ccd,pages,0,7803,2022-09-22T14:11:32.840+02:00,0
[B@37e39444,[B@3aebf501,pages,0,7804,2022-09-22T14:11:33.510+02:00,0
[B@491056d4,[B@25bb6cdf,pages,0,7805,2022-09-22T14:11:33.850+02:00,0
[B@ed18d98,[B@6b7722be,pages,0,7806,2022-09-22T14:11:35.162+02:00,0
[B@209a7ff2,[B@5e3932aa,pages,0,7807,2022-09-22T14:11:36.496+02:00,0
[B@5c86c9b8,[B@e367244,pages,0,7808,2022-09-22T14:11:36.838+02:00,0
[B@7da0e99f,[B@6a9b28e3,pages,0,7809,2022-09-22T14:11:37.496+02:00,0
[B@3af701,[B@3da31110,pages,0,7810,2022-09-22T14:11:37.817+02:00,0
[B@4735fb2a,[B@74da0f1f,pages,0,7811,2022-09-22T14:11:38.489+02:00,0
[B@230f6c7a,[B@681c29a,pages,0,7812,2022-09-22T14:11:40.138+02:00,0
[B@6e0585cb,[B@4a83dde3,pages,0,7813,2022-09-22T14:11:42.769+02:00,0
[B@12370475,[B@1aaa91bb,pages,0,7814,2022-09-22T14:11:44.743+02:00,0
[B@58c374f8,[B@cfbc6c6,pages,0,7815,2022-09-22T14:11:47.407+02:00,0
[B@26c56f80,[B@682c15aa,pages,0,7816,2022-09-22T14:11:48.072+02:00,0
[B@2b8bc8e3,[B@7914e6a2,pages,0,7817,2022-09-22T14:11:48.415+02:00,0
[B@74202f6f,[B@7ca9e504,pages,0,7818,2022-09-22T14:11:50.381+02:00,0
[B@990f6a2,[B@57ef30c4,pages,0,7819,2022-09-22T14:11:50.709+02:00,0
[B@22c12601,[B@11737698,pages,0,7820,2022-09-22T14:11:52.018+02:00,0
[B@1f58a7f2,[B@319fcdcd,pages,0,7821,2022-09-22T14:11:52.681+02:00,0
[B@1ac514d1,[B@100876a7,pages,0,7822,2022-09-22T14:11:53.666+02:00,0
[B@4a353463,[B@50b794d,pages,0,7823,2022-09-22T14:11:54.657+02:00,0
[B@37da86a1,[B@64b463b3,pages,0,7824,2022-09-22T14:11:58.301+02:00,0
[B@741d56a,[B@59de05de,pages,0,7825,2022-09-22T14:12:01.628+02:00,0
[B@3a526fca,[B@7d3c3ac8,pages,0,7826,2022-09-22T14:12:04.937+02:00,0
[B@74df4a80,[B@5d865130,pages,0,7827,2022-09-22T14:12:05.273+02:00,0
[B@74034975,[B@68f5c747,pages,0,7828,2022-09-22T14:12:05.602+02:00,0
[B@66701b93,[B@910d9bc,pages,0,7829,2022-09-22T14:12:07.261+02:00,0
[B@67b6610a,[B@213f5d44,pages,0,7830,2022-09-22T14:12:11.890+02:00,0
[B@47f57673,[B@48279a08,pages,0,7831,2022-09-22T14:12:12.899+02:00,0
[B@1c4d1c37,[B@4743a787,pages,0,7832,2022-09-22T14:12:15.877+02:00,0
[B@2be907f2,[B@5f6a3f5d,pages,0,7833,2022-09-22T14:12:17.208+02:00,0
[B@2b322c23,[B@7117c95d,pages,0,7834,2022-09-22T14:12:19.194+02:00,0
[B@1222861a,[B@1c3cd3d4,pages,0,7835,2022-09-22T14:12:22.177+02:00,0
[B@26d5b744,[B@6947dfe2,pages,0,7836,2022-09-22T14:12:23.495+02:00,0
[B@6fd39686,[B@158b5adb,pages,0,7837,2022-09-22T14:12:23.818+02:00,0
[B@1eefa0b9,[B@4900d449,pages,0,7838,2022-09-22T14:12:25.478+02:00,0
[B@3a141c49,[B@7506c452,pages,0,7839,2022-09-22T14:12:27.134+02:00,0
[B@168f4823,[B@59627427,pages,0,7840,2022-09-22T14:12:27.460+02:00,0
[B@430edd16,[B@69b571,pages,0,7841,2022-09-22T14:12:29.465+02:00,0
[B@6ccb3b0f,[B@2642a9fd,pages,0,7842,2022-09-22T14:12:31.138+02:00,0
[B@1311364e,[B@5e1ecb60,pages,0,7843,2022-09-22T14:12:32.816+02:00,0
[B@6bb880ef,[B@5806c124,pages,0,7844,2022-09-22T14:12:35.125+02:00,0
[B@423f3f2c,[B@6a52b9c0,pages,0,7845,2022-09-22T14:12:37.115+02:00,0
[B@4542f39d,[B@2ba305f0,pages,0,7846,2022-09-22T14:12:39.118+02:00,0
[B@10de99f7,[B@6fbdae95,pages,0,7847,2022-09-22T14:12:39.449+02:00,0
[B@3db166e4,[B@e0e7827,pages,0,7848,2022-09-22T14:12:41.772+02:00,0
[B@6a7b5930,[B@68308bec,pages,0,7849,2022-09-22T14:12:44.093+02:00,0
[B@5e804648,[B@23b2c2ff,pages,0,7850,2022-09-22T14:12:45.088+02:00,0
[B@1330bd60,[B@7fb32b01,pages,0,7851,2022-09-22T14:12:45.749+02:00,0
[B@235d90b9,[B@16cd0b17,pages,0,7852,2022-09-22T14:12:46.413+02:00,0
[B@6f13,[B@660da731,pages,0,7853,2022-09-22T14:12:48.799+02:00,0
[B@291a3b11,[B@57f11896,pages,0,7854,2022-09-22T14:12:49.790+02:00,0
[B@548a9d8c,[B@5f358c03,pages,0,7855,2022-09-22T14:12:50.457+02:00,0
[B@270fe647,[B@78e57f98,pages,0,7856,2022-09-22T14:12:52.121+02:00,0
[B@7883fbf5,[B@ba52572,pages,0,7857,2022-09-22T14:12:52.777+02:00,0
[B@53c0d79f,[B@a6bc0,pages,0,7858,2022-09-22T14:12:53.450+02:00,0
[B@67b16467,[B@459d4356,pages,0,7859,2022-09-22T14:12:55.777+02:00,0
[B@10341855,[B@433335f8,pages,0,7860,2022-09-22T14:13:00.405+02:00,0
[B@2fcde3a5,[B@e582f9,pages,0,7861,2022-09-22T14:13:05.360+02:00,0
[B@3023c400,[B@6ae5ab09,pages,0,7862,2022-09-22T14:13:08.007+02:00,0
[B@2af5bd3b,[B@62b10d6,pages,0,7863,2022-09-22T14:13:09.326+02:00,0
[B@2806c7d7,[B@6ffc8c3d,pages,0,7864,2022-09-22T14:13:09.659+02:00,0
[B@68e7e89c,[B@3694f8f6,pages,0,7865,2022-09-22T14:13:10.972+02:00,0
[B@2832b98c,[B@23a455d3,pages,0,7866,2022-09-22T14:13:12.296+02:00,0
[B@74d0ea33,[B@6512ff17,pages,0,7867,2022-09-22T14:13:14.612+02:00,0
[B@58d1c4e0,[B@595a18e4,pages,0,7868,2022-09-22T14:13:14.949+02:00,0
[B@2a28e08e,[B@58b0589b,pages,0,7869,2022-09-22T14:13:18.909+02:00,0
