[B@434929b3,[B@598b6fab,pages,1,7165,2022-09-22T14:04:56.724+02:00,0
[B@3c59a290,[B@30667ba3,pages,1,7166,2022-09-22T14:04:58.059+02:00,0
[B@3ae8c8ad,[B@381c1e6c,pages,1,7167,2022-09-22T14:05:02.050+02:00,0
[B@492066dd,[B@4a98a739,pages,1,7168,2022-09-22T14:05:05.695+02:00,0
[B@36c9b367,[B@6e7e24ac,pages,1,7169,2022-09-22T14:05:08.670+02:00,0
[B@24a2b130,[B@2b0c6bf2,pages,1,7170,2022-09-22T14:05:11.981+02:00,0
[B@5025a77f,[B@4fe1a293,pages,1,7171,2022-09-22T14:05:12.647+02:00,0
[B@7e7bb16e,[B@36e006a8,pages,1,7172,2022-09-22T14:05:16.301+02:00,0
[B@4b034154,[B@9b4979d,pages,1,7173,2022-09-22T14:05:16.962+02:00,0
[B@2a67b704,[B@1c8431a6,pages,1,7174,2022-09-22T14:05:20.967+02:00,0
[B@4d5cca83,[B@6079b4ca,pages,1,7175,2022-09-22T14:05:22.292+02:00,0
[B@7731f056,[B@4a85e617,pages,1,7176,2022-09-22T14:05:24.940+02:00,0
[B@61263516,[B@4c54121c,pages,1,7177,2022-09-22T14:05:25.619+02:00,0
[B@349fe880,[B@514f055a,pages,1,7178,2022-09-22T14:05:27.576+02:00,0
[B@11104e0,[B@6d39222c,pages,1,7179,2022-09-22T14:05:28.892+02:00,0
[B@26291ce3,[B@f65b8a9,pages,1,7180,2022-09-22T14:05:29.894+02:00,0
[B@65a9ba1,[B@22d6e104,pages,1,7181,2022-09-22T14:05:32.538+02:00,0
[B@4cf62fb9,[B@6ef4667e,pages,1,7182,2022-09-22T14:05:34.211+02:00,0
[B@3c217f92,[B@296a67d3,pages,1,7183,2022-09-22T14:05:35.556+02:00,0
[B@549c1ea0,[B@199655db,pages,1,7184,2022-09-22T14:05:36.551+02:00,0
[B@2e7c6494,[B@54d2ca77,pages,1,7185,2022-09-22T14:05:40.210+02:00,0
[B@608fa753,[B@4b1c0e14,pages,1,7186,2022-09-22T14:05:42.209+02:00,0
[B@6899b27,[B@444a78f3,pages,1,7187,2022-09-22T14:05:43.848+02:00,0
[B@5962ea16,[B@72a52380,pages,1,7188,2022-09-22T14:05:44.503+02:00,0
[B@383fce50,[B@2f25a444,pages,1,7189,2022-09-22T14:05:46.175+02:00,0
[B@6159d9ec,[B@3a3b5f64,pages,1,7190,2022-09-22T14:05:48.785+02:00,0
[B@7cb05b3d,[B@7e35c76b,pages,1,7191,2022-09-22T14:05:51.447+02:00,0
[B@518ce7f8,[B@31ac52d2,pages,1,7192,2022-09-22T14:05:52.770+02:00,0
[B@4fbb9e69,[B@1f65166a,pages,1,7193,2022-09-22T14:05:53.772+02:00,0
[B@29e08159,[B@7a097c75,pages,1,7194,2022-09-22T14:05:58.033+02:00,0
[B@6952fd8b,[B@5eb3708d,pages,1,7195,2022-09-22T14:06:00.340+02:00,0
[B@7374c84b,[B@422fe884,pages,1,7196,2022-09-22T14:06:01.006+02:00,0
[B@3ceffbef,[B@799dd3e7,pages,1,7197,2022-09-22T14:06:02.328+02:00,0
[B@2cfe7a0f,[B@11a8dcdc,pages,1,7198,2022-09-22T14:06:03.671+02:00,0
[B@52db6d85,[B@454e8ed2,pages,1,7199,2022-09-22T14:06:04.651+02:00,0
[B@1abfba76,[B@4da6cbc1,pages,1,7200,2022-09-22T14:06:07.283+02:00,0
[B@449830b5,[B@75110eea,pages,1,7201,2022-09-22T14:06:08.936+02:00,0
[B@129a6634,[B@69194f65,pages,1,7202,2022-09-22T14:06:13.239+02:00,0
[B@6c01d76b,[B@119af25f,pages,1,7203,2022-09-22T14:06:13.569+02:00,0
[B@50709d9e,[B@73319292,pages,1,7204,2022-09-22T14:06:19.220+02:00,0
[B@1169a910,[B@57a7b968,pages,1,7205,2022-09-22T14:06:21.864+02:00,0
[B@3ef426f,[B@7cb5f582,pages,1,7206,2022-09-22T14:06:23.525+02:00,0
[B@2048f22d,[B@4a4e73b5,pages,1,7207,2022-09-22T14:06:23.854+02:00,0
[B@334baca9,[B@608156a7,pages,1,7208,2022-09-22T14:06:24.503+02:00,0
[B@7bf0900,[B@3ed50199,pages,1,7209,2022-09-22T14:06:28.136+02:00,0
[B@5095dc0e,[B@3a4b9cd5,pages,1,7210,2022-09-22T14:06:28.800+02:00,0
[B@45436595,[B@538c6d6d,pages,1,7211,2022-09-22T14:06:30.121+02:00,0
[B@2d87aebe,[B@4b4c22ef,pages,1,7212,2022-09-22T14:06:33.781+02:00,0
[B@15fd99de,[B@25aa7909,pages,1,7213,2022-09-22T14:06:35.744+02:00,0
[B@35c8c15c,[B@1f39c650,pages,1,7214,2022-09-22T14:06:39.350+02:00,0
[B@66f38f00,[B@1067d0e6,pages,1,7215,2022-09-22T14:06:41.647+02:00,0
[B@63d62197,[B@328c70fb,pages,1,7216,2022-09-22T14:06:42.309+02:00,0
[B@48fd6225,[B@66b36b3c,pages,1,7217,2022-09-22T14:06:42.964+02:00,0
[B@343b34e4,[B@65e18130,pages,1,7218,2022-09-22T14:06:43.291+02:00,0
[B@46ae2be3,[B@3b395281,pages,1,7219,2022-09-22T14:06:43.966+02:00,0
[B@56c8cd16,[B@3f493efe,pages,1,7220,2022-09-22T14:06:49.279+02:00,0
[B@80febc7,[B@79d31d1d,pages,1,7221,2022-09-22T14:06:49.602+02:00,0
[B@69e3cf4c,[B@1faba240,pages,1,7222,2022-09-22T14:06:58.188+02:00,0
[B@688d23a1,[B@957e058,pages,1,7223,2022-09-22T14:06:59.831+02:00,0
[B@7e39c791,[B@3cc2d3b4,pages,1,7224,2022-09-22T14:07:00.155+02:00,0
[B@3d536fa6,[B@b301d74,pages,1,7225,2022-09-22T14:07:00.816+02:00,0
[B@3b8556cc,[B@11f06d7b,pages,1,7226,2022-09-22T14:07:04.786+02:00,0
[B@37780ebc,[B@3c286e9a,pages,1,7227,2022-09-22T14:07:06.103+02:00,0
[B@2d8a7ce5,[B@3f03579a,pages,1,7228,2022-09-22T14:07:07.436+02:00,0
[B@48f9b328,[B@375a4813,pages,1,7229,2022-09-22T14:07:11.397+02:00,0
[B@49497749,[B@6cd3467d,pages,1,7230,2022-09-22T14:07:13.066+02:00,0
[B@69b6d83c,[B@c491fc9,pages,1,7231,2022-09-22T14:07:17.345+02:00,0
[B@eb8c236,[B@78ae9d32,pages,1,7232,2022-09-22T14:07:22.005+02:00,0
[B@2706dd23,[B@6375295d,pages,1,7233,2022-09-22T14:07:23.659+02:00,0
[B@2b94fe77,[B@27dfb13a,pages,1,7234,2022-09-22T14:07:24.648+02:00,0
[B@36a19f27,[B@7c54776f,pages,1,7235,2022-09-22T14:07:25.305+02:00,0
[B@70bf59d4,[B@2a337098,pages,1,7236,2022-09-22T14:07:26.951+02:00,0
[B@10d18a5e,[B@4fe17824,pages,1,7237,2022-09-22T14:07:31.265+02:00,0
[B@459af9f5,[B@749cf66e,pages,1,7238,2022-09-22T14:07:36.943+02:00,0
[B@680311d9,[B@2c6774a5,pages,1,7239,2022-09-22T14:07:38.592+02:00,0
[B@3ea0658d,[B@2d9ccbb1,pages,1,7240,2022-09-22T14:07:39.258+02:00,0
[B@5de19a02,[B@4ab41f47,pages,1,7241,2022-09-22T14:07:39.582+02:00,0
[B@77059791,[B@3c0f1b83,pages,1,7242,2022-09-22T14:07:41.906+02:00,0
[B@6defb78a,[B@74bd357,pages,1,7243,2022-09-22T14:07:43.563+02:00,0
[B@5ca96530,[B@18beae25,pages,1,7244,2022-09-22T14:07:43.889+02:00,0
[B@8fd195f,[B@51f5a27c,pages,1,7245,2022-09-22T14:07:45.214+02:00,0
[B@46e2dd97,[B@2bc09ce8,pages,1,7246,2022-09-22T14:07:47.882+02:00,0
[B@4b175f2e,[B@378df272,pages,1,7247,2022-09-22T14:08:01.423+02:00,0
[B@67d39f71,[B@485b68bf,pages,1,7248,2022-09-22T14:08:02.757+02:00,0
[B@3944b0b5,[B@6102cb8d,pages,1,7249,2022-09-22T14:08:04.758+02:00,0
[B@1ad1f8cb,[B@9dc65be,pages,1,7250,2022-09-22T14:08:07.078+02:00,0
[B@1501ad28,[B@622842a6,pages,1,7251,2022-09-22T14:08:07.412+02:00,0
[B@772ae988,[B@1db19346,pages,1,7252,2022-09-22T14:08:13.385+02:00,0
[B@5410535,[B@25dc4a49,pages,1,7253,2022-09-22T14:08:16.696+02:00,0
[B@51a91d3,[B@14201995,pages,1,7254,2022-09-22T14:08:22.331+02:00,0
[B@1945de89,[B@5e8c51ea,pages,1,7255,2022-09-22T14:08:28.248+02:00,0
[B@fc9c7e1,[B@1b318b3c,pages,1,7256,2022-09-22T14:08:30.217+02:00,0
[B@2cb7bf45,[B@1088a838,pages,1,7257,2022-09-22T14:08:34.562+02:00,0
[B@51bf8307,[B@46c08a67,pages,1,7258,2022-09-22T14:08:35.218+02:00,0
[B@579c586d,[B@280f3ce,pages,1,7259,2022-09-22T14:08:37.524+02:00,0
[B@2f8aff22,[B@6d5bdb06,pages,1,7260,2022-09-22T14:08:39.521+02:00,0
[B@58b1b9f0,[B@5d2a3fab,pages,1,7261,2022-09-22T14:08:47.881+02:00,0
[B@2521a8c3,[B@1611c48a,pages,1,7262,2022-09-22T14:08:48.221+02:00,0
[B@433a9181,[B@4fe1392a,pages,1,7263,2022-09-22T14:08:55.765+02:00,0
[B@67aef7a5,[B@7f834a4e,pages,1,7264,2022-09-22T14:08:56.087+02:00,0
[B@68227aa6,[B@2ecc26e1,pages,1,7265,2022-09-22T14:08:56.767+02:00,0
[B@3e4fef42,[B@5b7b13ff,pages,1,7266,2022-09-22T14:08:58.431+02:00,0
[B@2077a57c,[B@6fc364bd,pages,1,7267,2022-09-22T14:08:58.757+02:00,0
[B@2e37b3f8,[B@2d50b92a,pages,1,7268,2022-09-22T14:09:00.737+02:00,0
[B@3011b5b9,[B@4403c98a,pages,1,7269,2022-09-22T14:09:02.072+02:00,0
[B@57381a81,[B@7f8970a5,pages,1,7270,2022-09-22T14:09:09.030+02:00,0
[B@4208ae90,[B@181d60c2,pages,1,7271,2022-09-22T14:09:10.020+02:00,0
[B@fe68d52,[B@3b5ec853,pages,1,7272,2022-09-22T14:09:14.304+02:00,0
[B@3ca59d86,[B@4fcde1a0,pages,1,7273,2022-09-22T14:09:16.599+02:00,0
[B@74fa6916,[B@392b2b8a,pages,1,7274,2022-09-22T14:09:17.918+02:00,0
[B@29f2d884,[B@992fcfb,pages,1,7275,2022-09-22T14:09:20.893+02:00,0
[B@2e878606,[B@4e108f27,pages,1,7276,2022-09-22T14:09:21.234+02:00,0
[B@71995899,[B@6ff20775,pages,1,7277,2022-09-22T14:09:22.551+02:00,0
[B@7d570b3b,[B@3774da01,pages,1,7278,2022-09-22T14:09:23.534+02:00,0
[B@c9211e6,[B@73a466ae,pages,1,7279,2022-09-22T14:09:26.172+02:00,0
[B@366fb532,[B@275ad52c,pages,1,7280,2022-09-22T14:09:28.480+02:00,0
[B@3b5bed00,[B@6b9a6dd3,pages,1,7281,2022-09-22T14:09:29.484+02:00,0
[B@209783b7,[B@5195d13c,pages,1,7282,2022-09-22T14:09:32.156+02:00,0
[B@354205e3,[B@d0e126d,pages,1,7283,2022-09-22T14:09:33.470+02:00,0
[B@1198a240,[B@6e7b8d7e,pages,1,7284,2022-09-22T14:09:35.425+02:00,0
[B@4bb3e04f,[B@36530e2e,pages,1,7285,2022-09-22T14:09:36.420+02:00,0
[B@620d2006,[B@502f5144,pages,1,7286,2022-09-22T14:09:37.424+02:00,0
[B@44a6296,[B@2ac63e4f,pages,1,7287,2022-09-22T14:09:38.097+02:00,0
[B@21403601,[B@b4fe61c,pages,1,7288,2022-09-22T14:09:38.432+02:00,0
[B@5c467b31,[B@47e912b0,pages,1,7289,2022-09-22T14:09:44.401+02:00,0
[B@6739d472,[B@13b2a18f,pages,1,7290,2022-09-22T14:09:46.370+02:00,0
[B@7cc2df3b,[B@73b13e81,pages,1,7291,2022-09-22T14:09:47.040+02:00,0
[B@5a82eec1,[B@5c3a92c7,pages,1,7292,2022-09-22T14:09:49.683+02:00,0
[B@366bb57c,[B@4cd4d006,pages,1,7293,2022-09-22T14:09:50.693+02:00,0
[B@1edcbbb,[B@949ddeb,pages,1,7294,2022-09-22T14:09:52.679+02:00,0
[B@626259eb,[B@8dce141,pages,1,7295,2022-09-22T14:09:53.341+02:00,0
[B@678353f2,[B@20e27c6c,pages,1,7296,2022-09-22T14:09:54.004+02:00,0
[B@503fc49a,[B@3f86e135,pages,1,7297,2022-09-22T14:09:55.669+02:00,0
[B@42e729f4,[B@71552cd8,pages,1,7298,2022-09-22T14:09:55.997+02:00,0
[B@5f602d7c,[B@5767e0ec,pages,1,7299,2022-09-22T14:09:57.662+02:00,0
[B@2c34db7d,[B@74df01cf,pages,1,7300,2022-09-22T14:09:57.991+02:00,0
[B@2a8ad9e5,[B@42022cd8,pages,1,7301,2022-09-22T14:09:58.662+02:00,0
[B@4867f8d6,[B@44ba496c,pages,1,7302,2022-09-22T14:09:59.313+02:00,0
[B@3803e5ef,[B@6b346adb,pages,1,7303,2022-09-22T14:10:00.315+02:00,0
[B@1c628e23,[B@a8545ea,pages,1,7304,2022-09-22T14:10:03.620+02:00,0
[B@2d8ee5c8,[B@65242010,pages,1,7305,2022-09-22T14:10:04.618+02:00,0
[B@6dbfa901,[B@4db50b49,pages,1,7306,2022-09-22T14:10:05.942+02:00,0
[B@17cf0792,[B@53af91db,pages,1,7307,2022-09-22T14:10:06.602+02:00,0
[B@4348dd0e,[B@2642696d,pages,1,7308,2022-09-22T14:10:07.620+02:00,0
[B@495e09a0,[B@66d07819,pages,1,7309,2022-09-22T14:10:08.276+02:00,0
[B@63f57960,[B@56c96d72,pages,1,7310,2022-09-22T14:10:11.560+02:00,0
[B@6fe36d02,[B@a16d057,pages,1,7311,2022-09-22T14:10:12.218+02:00,0
[B@4260960c,[B@5f5fc1cf,pages,1,7312,2022-09-22T14:10:13.213+02:00,0
[B@2b202c5b,[B@1708d500,pages,1,7313,2022-09-22T14:10:16.579+02:00,0
[B@519ee11b,[B@70ee135e,pages,1,7314,2022-09-22T14:10:17.224+02:00,0
[B@5a86bbec,[B@bf7d569,pages,1,7315,2022-09-22T14:10:23.515+02:00,0
[B@2d477b35,[B@2db3e920,pages,1,7316,2022-09-22T14:10:25.813+02:00,0
[B@42057ea1,[B@77ecb715,pages,1,7317,2022-09-22T14:10:27.137+02:00,0
[B@6164e40e,[B@53acebeb,pages,1,7318,2022-09-22T14:10:31.186+02:00,0
[B@3a357749,[B@28f32b05,pages,1,7319,2022-09-22T14:10:34.855+02:00,0
[B@6e71fe81,[B@5a36a317,pages,1,7320,2022-09-22T14:10:36.808+02:00,0
[B@4ba81827,[B@7ab2b954,pages,1,7321,2022-09-22T14:10:37.464+02:00,0
[B@1b56d575,[B@7497f313,pages,1,7322,2022-09-22T14:10:39.445+02:00,0
[B@7ff5b486,[B@10e2da35,pages,1,7323,2022-09-22T14:10:42.084+02:00,0
[B@3d325821,[B@76f63bff,pages,1,7324,2022-09-22T14:10:43.413+02:00,0
[B@2475f023,[B@2240b5ea,pages,1,7325,2022-09-22T14:10:48.045+02:00,0
[B@d1c12d3,[B@4a72e94c,pages,1,7326,2022-09-22T14:10:50.357+02:00,0
[B@410decc9,[B@66c5eee7,pages,1,7327,2022-09-22T14:10:51.015+02:00,0
[B@b22e266,[B@564752c7,pages,1,7328,2022-09-22T14:10:54.024+02:00,0
[B@78029762,[B@31f9fc53,pages,1,7329,2022-09-22T14:10:57.333+02:00,0
[B@2dd419d8,[B@4169a7cf,pages,1,7330,2022-09-22T14:10:59.318+02:00,0
[B@2dbc9107,[B@5359eb87,pages,1,7331,2022-09-22T14:11:00.972+02:00,0
[B@5ece32ed,[B@5295b124,pages,1,7332,2022-09-22T14:11:01.941+02:00,0
[B@1b6826d8,[B@771e3e1,pages,1,7333,2022-09-22T14:11:04.588+02:00,0
[B@2807f0b8,[B@57e4680d,pages,1,7334,2022-09-22T14:11:07.613+02:00,0
[B@d60dacf,[B@5064e69,pages,1,7335,2022-09-22T14:11:08.951+02:00,0
[B@1213ec41,[B@66c34a0e,pages,1,7336,2022-09-22T14:11:10.944+02:00,0
[B@6dfe52bb,[B@5a3c3c6b,pages,1,7337,2022-09-22T14:11:13.927+02:00,0
[B@57c0a289,[B@2b2f1145,pages,1,7338,2022-09-22T14:11:17.570+02:00,0
[B@345be511,[B@f3f4895,pages,1,7339,2022-09-22T14:11:19.246+02:00,0
[B@5d397711,[B@e4ff0ca,pages,1,7340,2022-09-22T14:11:22.569+02:00,0
[B@6557ef7f,[B@10d978a0,pages,1,7341,2022-09-22T14:11:23.232+02:00,0
[B@64e1455,[B@77f66df6,pages,1,7342,2022-09-22T14:11:24.233+02:00,0
[B@2d004860,[B@76472918,pages,1,7343,2022-09-22T14:11:27.186+02:00,0
[B@5d7739,[B@44802319,pages,1,7344,2022-09-22T14:11:29.523+02:00,0
[B@6bec30a1,[B@24accb2d,pages,1,7345,2022-09-22T14:11:30.198+02:00,0
[B@4f23843e,[B@a7eee28,pages,1,7346,2022-09-22T14:11:30.867+02:00,0
[B@9dbefe,[B@42aaf863,pages,1,7347,2022-09-22T14:11:34.837+02:00,0
[B@117b867c,[B@6c8935d5,pages,1,7348,2022-09-22T14:11:39.469+02:00,0
[B@18e1cf4,[B@14f29546,pages,1,7349,2022-09-22T14:11:40.782+02:00,0
[B@59f7b9c2,[B@7cf508b4,pages,1,7350,2022-09-22T14:11:41.114+02:00,0
[B@dedd262,[B@d352e3c,pages,1,7351,2022-09-22T14:11:44.085+02:00,0
[B@69e8aff1,[B@3d8cbad0,pages,1,7352,2022-09-22T14:11:45.067+02:00,0
[B@5e9111c1,[B@7af180e1,pages,1,7353,2022-09-22T14:11:46.732+02:00,0
[B@564a2f69,[B@ec8554a,pages,1,7354,2022-09-22T14:11:47.071+02:00,0
[B@5881524b,[B@2e012732,pages,1,7355,2022-09-22T14:11:47.741+02:00,0
[B@29b774fc,[B@65990685,pages,1,7356,2022-09-22T14:11:49.067+02:00,0
[B@37d80377,[B@10c79a09,pages,1,7357,2022-09-22T14:11:49.397+02:00,0
[B@2c50c79,[B@2f459f8a,pages,1,7358,2022-09-22T14:11:51.693+02:00,0
[B@58f1f2ae,[B@744a2c6b,pages,1,7359,2022-09-22T14:11:52.345+02:00,0
[B@5e46405f,[B@5d7c2dd2,pages,1,7360,2022-09-22T14:11:53.338+02:00,0
[B@a4fc051,[B@2f439c07,pages,1,7361,2022-09-22T14:11:56.301+02:00,0
[B@43eb6508,[B@7f45d21a,pages,1,7362,2022-09-22T14:11:56.966+02:00,0
[B@b7cd8eb,[B@38ecde27,pages,1,7363,2022-09-22T14:12:02.953+02:00,0
[B@20b73f17,[B@7133fc19,pages,1,7364,2022-09-22T14:12:06.584+02:00,0
[B@1c65d954,[B@42262119,pages,1,7365,2022-09-22T14:12:06.926+02:00,0
[B@5b70e1cd,[B@35cd0d8e,pages,1,7366,2022-09-22T14:12:08.251+02:00,0
[B@750dd1a,[B@740d1a00,pages,1,7367,2022-09-22T14:12:09.911+02:00,0
[B@28afe3c5,[B@75532a23,pages,1,7368,2022-09-22T14:12:11.558+02:00,0
[B@746a819e,[B@68ab4809,pages,1,7369,2022-09-22T14:12:18.193+02:00,0
[B@3fcd3f12,[B@53a318fa,pages,1,7370,2022-09-22T14:12:22.502+02:00,0
[B@73e51561,[B@413ce014,pages,1,7371,2022-09-22T14:12:24.500+02:00,0
[B@17df628e,[B@5c70cc47,pages,1,7372,2022-09-22T14:12:25.150+02:00,0
[B@7e584b5,[B@21fff81d,pages,1,7373,2022-09-22T14:12:25.810+02:00,0
[B@4dd825be,[B@1790dab6,pages,1,7374,2022-09-22T14:12:27.787+02:00,0
[B@3c7b24dd,[B@629a1c5f,pages,1,7375,2022-09-22T14:12:31.485+02:00,0
[B@6e633067,[B@7f371277,pages,1,7376,2022-09-22T14:12:33.815+02:00,0
[B@1a0f8c80,[B@28c5137a,pages,1,7377,2022-09-22T14:12:36.124+02:00,0
[B@5f52ee0d,[B@1831fb3a,pages,1,7378,2022-09-22T14:12:36.792+02:00,0
[B@7e3c1f30,[B@7ee28d4e,pages,1,7379,2022-09-22T14:12:40.444+02:00,0
[B@36883619,[B@21f7e3d9,pages,1,7380,2022-09-22T14:12:42.095+02:00,0
[B@3facbd48,[B@55cedf0e,pages,1,7381,2022-09-22T14:12:42.761+02:00,0
[B@22011350,[B@3c76c5e2,pages,1,7382,2022-09-22T14:12:45.422+02:00,0
[B@66ea79d9,[B@45fffca5,pages,1,7383,2022-09-22T14:12:48.464+02:00,0
[B@6fceecd9,[B@651d6d17,pages,1,7384,2022-09-22T14:12:51.791+02:00,0
[B@508ce4dc,[B@6aac20bc,pages,1,7385,2022-09-22T14:12:58.435+02:00,0
[B@721ca114,[B@7c670f95,pages,1,7386,2022-09-22T14:12:59.096+02:00,0
[B@4bfaaec1,[B@4058cec2,pages,1,7387,2022-09-22T14:13:02.067+02:00,0
[B@57dbd3dc,[B@13847515,pages,1,7388,2022-09-22T14:13:05.687+02:00,0
[B@d964d02,[B@b3ebcac,pages,1,7389,2022-09-22T14:13:07.347+02:00,0
[B@272db24,[B@32ee3aa2,pages,1,7390,2022-09-22T14:13:08.340+02:00,0
[B@daf9fa0,[B@730a8965,pages,1,7391,2022-09-22T14:13:09.987+02:00,0
[B@67b5c7db,[B@24cdcaa5,pages,1,7392,2022-09-22T14:13:12.948+02:00,0
[B@556e1303,[B@7288f96a,pages,1,7393,2022-09-22T14:13:15.938+02:00,0
