[B@416117a1,[B@51546712,pages,5,7286,2022-09-22T14:04:54.747+02:00,0
[B@46e9ece9,[B@5b5817c0,pages,5,7287,2022-09-22T14:04:57.382+02:00,0
[B@12cddf15,[B@605346a9,pages,5,7288,2022-09-22T14:04:58.392+02:00,0
[B@695470ee,[B@72298c13,pages,5,7289,2022-09-22T14:04:58.722+02:00,0
[B@e60d034,[B@747ca95f,pages,5,7290,2022-09-22T14:04:59.397+02:00,0
[B@3e65643e,[B@923ef5,pages,5,7291,2022-09-22T14:05:02.719+02:00,0
[B@8fbbfa3,[B@19dcd9b2,pages,5,7292,2022-09-22T14:05:04.700+02:00,0
[B@c8d0a23,[B@1df9f8d1,pages,5,7293,2022-09-22T14:05:07.364+02:00,0
[B@482a5a6a,[B@37c41b94,pages,5,7294,2022-09-22T14:05:11.642+02:00,0
[B@537cd35d,[B@1919693,pages,5,7295,2022-09-22T14:05:15.624+02:00,0
[B@1bf275c1,[B@cfdd590,pages,5,7296,2022-09-22T14:05:15.968+02:00,0
[B@39ae0969,[B@348635c1,pages,5,7297,2022-09-22T14:05:17.287+02:00,0
[B@3c5202ed,[B@5ee101a2,pages,5,7298,2022-09-22T14:05:17.623+02:00,0
[B@17cdbe56,[B@1260a953,pages,5,7299,2022-09-22T14:05:21.295+02:00,0
[B@3e899498,[B@68b36efa,pages,5,7300,2022-09-22T14:05:21.625+02:00,0
[B@12f642b4,[B@54b4b88,pages,5,7301,2022-09-22T14:05:22.624+02:00,0
[B@771432ed,[B@4a3464b,pages,5,7302,2022-09-22T14:05:23.620+02:00,0
[B@24604789,[B@7b285f86,pages,5,7303,2022-09-22T14:05:29.225+02:00,0
[B@2d7d8954,[B@33f213ae,pages,5,7304,2022-09-22T14:05:33.204+02:00,0
[B@15885656,[B@2c65ff0e,pages,5,7305,2022-09-22T14:05:36.877+02:00,0
[B@6d13f4ff,[B@4e5fe590,pages,5,7306,2022-09-22T14:05:42.542+02:00,0
[B@19b220eb,[B@1aac315c,pages,5,7307,2022-09-22T14:05:43.523+02:00,0
[B@686a9afa,[B@59289102,pages,5,7308,2022-09-22T14:05:45.171+02:00,0
[B@511547b4,[B@2ac8ba1b,pages,5,7309,2022-09-22T14:05:45.505+02:00,0
[B@16c958f2,[B@bf47ba8,pages,5,7310,2022-09-22T14:05:46.828+02:00,0
[B@7027a585,[B@1fd0d1f8,pages,5,7311,2022-09-22T14:05:48.452+02:00,0
[B@43820438,[B@6b830edb,pages,5,7312,2022-09-22T14:05:50.098+02:00,0
[B@26c595a3,[B@3f83cf92,pages,5,7313,2022-09-22T14:05:51.117+02:00,0
[B@6cf3bf9e,[B@1ff5910d,pages,5,7314,2022-09-22T14:05:55.071+02:00,0
[B@151767dd,[B@3449c5b2,pages,5,7315,2022-09-22T14:05:55.734+02:00,0
[B@45b793ea,[B@76f91fa8,pages,5,7316,2022-09-22T14:05:56.736+02:00,0
[B@587eb725,[B@22e09dcd,pages,5,7317,2022-09-22T14:05:57.701+02:00,0
[B@5b3172b8,[B@658b3229,pages,5,7318,2022-09-22T14:05:58.689+02:00,0
[B@48616622,[B@6e499416,pages,5,7319,2022-09-22T14:05:59.679+02:00,0
[B@3ebd8fd5,[B@29be851,pages,5,7320,2022-09-22T14:06:06.285+02:00,0
[B@4188ce56,[B@63430b55,pages,5,7321,2022-09-22T14:06:10.919+02:00,0
[B@3152e3cf,[B@6c564cd4,pages,5,7322,2022-09-22T14:06:11.250+02:00,0
[B@6babc576,[B@10c972f5,pages,5,7323,2022-09-22T14:06:14.240+02:00,0
[B@36a3a7b8,[B@684d7d54,pages,5,7324,2022-09-22T14:06:16.233+02:00,0
[B@5df8955e,[B@6fd0ace,pages,5,7325,2022-09-22T14:06:18.225+02:00,0
[B@2d48e3ce,[B@2e6c8cee,pages,5,7326,2022-09-22T14:06:21.535+02:00,0
[B@3727be18,[B@59e26948,pages,5,7327,2022-09-22T14:06:22.201+02:00,0
[B@335ea729,[B@791f4650,pages,5,7328,2022-09-22T14:06:22.868+02:00,0
[B@73c2f015,[B@39206f0c,pages,5,7329,2022-09-22T14:06:23.195+02:00,0
[B@7f01f0ee,[B@7c2f0498,pages,5,7330,2022-09-22T14:06:24.175+02:00,0
[B@18890150,[B@226b5542,pages,5,7331,2022-09-22T14:06:27.162+02:00,0
[B@521d4761,[B@5692827e,pages,5,7332,2022-09-22T14:06:30.779+02:00,0
[B@6419a7d,[B@7e780eb2,pages,5,7333,2022-09-22T14:06:33.115+02:00,0
[B@46e66853,[B@4258383,pages,5,7334,2022-09-22T14:06:34.437+02:00,0
[B@e3d7308,[B@308ee1e3,pages,5,7335,2022-09-22T14:06:37.388+02:00,0
[B@45dfa351,[B@6d4e09f2,pages,5,7336,2022-09-22T14:06:40.988+02:00,0
[B@80e8260,[B@4f48fb7b,pages,5,7337,2022-09-22T14:06:45.285+02:00,0
[B@77350ce8,[B@6aa99a65,pages,5,7338,2022-09-22T14:06:46.632+02:00,0
[B@16c818d2,[B@1ed3ba53,pages,5,7339,2022-09-22T14:06:51.587+02:00,0
[B@415ea72d,[B@678277d1,pages,5,7340,2022-09-22T14:06:53.895+02:00,0
[B@315afd7b,[B@32d8c821,pages,5,7341,2022-09-22T14:06:55.199+02:00,0
[B@68b6698,[B@72c3a567,pages,5,7342,2022-09-22T14:06:59.503+02:00,0
[B@14143f61,[B@60796402,pages,5,7343,2022-09-22T14:07:01.137+02:00,0
[B@3d9b6133,[B@521c037a,pages,5,7344,2022-09-22T14:07:04.467+02:00,0
[B@6746c16f,[B@4c34e0f1,pages,5,7345,2022-09-22T14:07:09.072+02:00,0
[B@2ac082bd,[B@18f5534c,pages,5,7346,2022-09-22T14:07:09.404+02:00,0
[B@49e9a484,[B@2231f620,pages,5,7347,2022-09-22T14:07:15.035+02:00,0
[B@cca5db1,[B@3e171057,pages,5,7348,2022-09-22T14:07:18.655+02:00,0
[B@3ade5e95,[B@17732f18,pages,5,7349,2022-09-22T14:07:20.685+02:00,0
[B@498adf92,[B@4f99fb5c,pages,5,7350,2022-09-22T14:07:22.659+02:00,0
[B@77b2ecc,[B@9fedad4,pages,5,7351,2022-09-22T14:07:22.996+02:00,0
[B@1617e236,[B@16d4a8b3,pages,5,7352,2022-09-22T14:07:25.967+02:00,0
[B@4887e9eb,[B@3750b255,pages,5,7353,2022-09-22T14:07:26.290+02:00,0
[B@1e7ff0db,[B@2d5d4297,pages,5,7354,2022-09-22T14:07:27.606+02:00,0
[B@5ae23e66,[B@6812ed75,pages,5,7355,2022-09-22T14:07:27.936+02:00,0
[B@98a3184,[B@4e0483d8,pages,5,7356,2022-09-22T14:07:29.259+02:00,0
[B@55e8570,[B@7ad8a9eb,pages,5,7357,2022-09-22T14:07:29.599+02:00,0
[B@2286b125,[B@4876ecee,pages,5,7358,2022-09-22T14:07:29.920+02:00,0
[B@39728595,[B@65af4a1,pages,5,7359,2022-09-22T14:07:30.929+02:00,0
[B@114262d6,[B@6e2ced8c,pages,5,7360,2022-09-22T14:07:31.598+02:00,0
[B@435f93f1,[B@127198c7,pages,5,7361,2022-09-22T14:07:33.642+02:00,0
[B@10270c8d,[B@196ed388,pages,5,7362,2022-09-22T14:07:33.974+02:00,0
[B@26111b4f,[B@38b808ea,pages,5,7363,2022-09-22T14:07:34.303+02:00,0
[B@10532814,[B@7f4e5b05,pages,5,7364,2022-09-22T14:07:35.616+02:00,0
[B@512bfcc0,[B@292c4157,pages,5,7365,2022-09-22T14:07:36.613+02:00,0
[B@2036dfee,[B@2dad3e9e,pages,5,7366,2022-09-22T14:07:37.277+02:00,0
[B@23ee0a17,[B@6883c1c4,pages,5,7367,2022-09-22T14:07:39.907+02:00,0
[B@7edcba95,[B@3ac1221e,pages,5,7368,2022-09-22T14:07:40.257+02:00,0
[B@69ac29e3,[B@1fd758f3,pages,5,7369,2022-09-22T14:07:45.884+02:00,0
[B@444418e,[B@37a652ca,pages,5,7370,2022-09-22T14:07:48.542+02:00,0
[B@3fcd96ec,[B@1a784126,pages,5,7371,2022-09-22T14:07:52.819+02:00,0
[B@3c962bd6,[B@39231e8c,pages,5,7372,2022-09-22T14:07:53.161+02:00,0
[B@6a0a85b2,[B@322398a4,pages,5,7373,2022-09-22T14:07:54.147+02:00,0
[B@3f66ddad,[B@1e1073b3,pages,5,7374,2022-09-22T14:07:55.128+02:00,0
[B@208952d6,[B@ec108db,pages,5,7375,2022-09-22T14:07:55.460+02:00,0
[B@743271b,[B@1ad351ab,pages,5,7376,2022-09-22T14:07:56.451+02:00,0
[B@70a6bfc5,[B@76a7f6da,pages,5,7377,2022-09-22T14:07:57.453+02:00,0
[B@68427cea,[B@681c3640,pages,5,7378,2022-09-22T14:08:02.423+02:00,0
[B@2d81e411,[B@64d9d65d,pages,5,7379,2022-09-22T14:08:04.099+02:00,0
[B@1f875300,[B@1620d886,pages,5,7380,2022-09-22T14:08:08.080+02:00,0
[B@34a3073f,[B@1e6244c8,pages,5,7381,2022-09-22T14:08:10.062+02:00,0
[B@3bd80b57,[B@2bac1042,pages,5,7382,2022-09-22T14:08:11.715+02:00,0
[B@79a70f7,[B@bd220c8,pages,5,7383,2022-09-22T14:08:18.034+02:00,0
[B@702b0056,[B@3b4e3011,pages,5,7384,2022-09-22T14:08:18.700+02:00,0
[B@6f07f247,[B@75c95b0f,pages,5,7385,2022-09-22T14:08:19.696+02:00,0
[B@5d48dc50,[B@174ca150,pages,5,7386,2022-09-22T14:08:24.963+02:00,0
[B@4709ec34,[B@78a7d6f9,pages,5,7387,2022-09-22T14:08:27.597+02:00,0
[B@63163fe1,[B@11a244f2,pages,5,7388,2022-09-22T14:08:34.889+02:00,0
[B@19c262be,[B@5f146f61,pages,5,7389,2022-09-22T14:08:35.546+02:00,0
[B@dafaa55,[B@e29eac6,pages,5,7390,2022-09-22T14:08:39.180+02:00,0
[B@4f4be2f,[B@78e7a6b7,pages,5,7391,2022-09-22T14:08:40.179+02:00,0
[B@8ea46fc,[B@4954e2fd,pages,5,7392,2022-09-22T14:08:40.513+02:00,0
[B@6870383e,[B@2d67e999,pages,5,7393,2022-09-22T14:08:42.179+02:00,0
[B@77e0976f,[B@19cdd064,pages,5,7394,2022-09-22T14:08:51.499+02:00,0
[B@7015aaab,[B@622cae11,pages,5,7395,2022-09-22T14:08:52.478+02:00,0
[B@110416d4,[B@663daa60,pages,5,7396,2022-09-22T14:08:53.130+02:00,0
[B@3ba014fe,[B@3cfb79bd,pages,5,7397,2022-09-22T14:08:59.409+02:00,0
[B@d786a40,[B@69dbf25,pages,5,7398,2022-09-22T14:09:04.708+02:00,0
[B@3d215cec,[B@5a70ec64,pages,5,7399,2022-09-22T14:09:05.040+02:00,0
[B@1414b700,[B@7f9b5630,pages,5,7400,2022-09-22T14:09:07.032+02:00,0
[B@48eaa313,[B@15a465a6,pages,5,7401,2022-09-22T14:09:11.352+02:00,0
[B@24396ca5,[B@1b684c4,pages,5,7402,2022-09-22T14:09:12.333+02:00,0
[B@1cd94dda,[B@2ae682b2,pages,5,7403,2022-09-22T14:09:17.268+02:00,0
[B@45d59f0f,[B@70f0a3d5,pages,5,7404,2022-09-22T14:09:19.901+02:00,0
[B@2611978c,[B@38fc62ee,pages,5,7405,2022-09-22T14:09:20.223+02:00,0
[B@5138bf19,[B@24a350e0,pages,5,7406,2022-09-22T14:09:22.222+02:00,0
[B@e240e0f,[B@5594f637,pages,5,7407,2022-09-22T14:09:24.197+02:00,0
[B@41c04beb,[B@7fda2763,pages,5,7408,2022-09-22T14:09:26.836+02:00,0
[B@51a01ae1,[B@23776bac,pages,5,7409,2022-09-22T14:09:28.147+02:00,0
[B@602be33a,[B@4ee42163,pages,5,7410,2022-09-22T14:09:29.149+02:00,0
[B@1f425d4c,[B@7f07f03,pages,5,7411,2022-09-22T14:09:30.155+02:00,0
[B@387d6ef4,[B@577dbfa1,pages,5,7412,2022-09-22T14:09:32.820+02:00,0
[B@5ad8303f,[B@5ed44400,pages,5,7413,2022-09-22T14:09:33.141+02:00,0
[B@d0d9be0,[B@37b7ad57,pages,5,7414,2022-09-22T14:09:34.442+02:00,0
[B@2cf53a56,[B@507d8f8c,pages,5,7415,2022-09-22T14:09:34.765+02:00,0
[B@31ceccf8,[B@3b990283,pages,5,7416,2022-09-22T14:09:39.095+02:00,0
[B@3e3bb82c,[B@2865188,pages,5,7417,2022-09-22T14:09:41.740+02:00,0
[B@4568e42c,[B@36966b18,pages,5,7418,2022-09-22T14:09:44.730+02:00,0
[B@558f5f3e,[B@65354e16,pages,5,7419,2022-09-22T14:09:48.035+02:00,0
[B@67fe9f18,[B@6235f654,pages,5,7420,2022-09-22T14:09:50.365+02:00,0
[B@4d6c2383,[B@26691c6,pages,5,7421,2022-09-22T14:09:55.339+02:00,0
[B@11f3c8cd,[B@5cb90bf1,pages,5,7422,2022-09-22T14:09:59.977+02:00,0
[B@70e54bde,[B@463b0ca5,pages,5,7423,2022-09-22T14:10:00.982+02:00,0
[B@4981110f,[B@5df37d4d,pages,5,7424,2022-09-22T14:10:02.629+02:00,0
[B@7126696,[B@19d20cf5,pages,5,7425,2022-09-22T14:10:11.884+02:00,0
[B@589a6fa9,[B@1ec568e2,pages,5,7426,2022-09-22T14:10:13.545+02:00,0
[B@af79b7a,[B@3cb8b75,pages,5,7427,2022-09-22T14:10:14.873+02:00,0
[B@8a75b82,[B@3d10a00c,pages,5,7428,2022-09-22T14:10:18.890+02:00,0
[B@b8ac09f,[B@54c562b8,pages,5,7429,2022-09-22T14:10:25.166+02:00,0
[B@668c58e9,[B@5e2484f4,pages,5,7430,2022-09-22T14:10:26.804+02:00,0
[B@3772997,[B@7cd85be3,pages,5,7431,2022-09-22T14:10:30.513+02:00,0
[B@78970f81,[B@26e2743,pages,5,7432,2022-09-22T14:10:33.538+02:00,0
[B@38ef9d08,[B@656deb5,pages,5,7433,2022-09-22T14:10:37.137+02:00,0
[B@467d22f9,[B@35da414a,pages,5,7434,2022-09-22T14:10:37.797+02:00,0
[B@71998d24,[B@410a46d4,pages,5,7435,2022-09-22T14:10:40.433+02:00,0
[B@6ecfdee6,[B@9781264,pages,5,7436,2022-09-22T14:10:41.092+02:00,0
[B@34b54ec2,[B@271a9266,pages,5,7437,2022-09-22T14:10:42.418+02:00,0
[B@3732508d,[B@7e109f3d,pages,5,7438,2022-09-22T14:10:43.072+02:00,0
[B@604d0d63,[B@13b73aae,pages,5,7439,2022-09-22T14:10:47.037+02:00,0
[B@3624a66d,[B@4c372ee3,pages,5,7440,2022-09-22T14:10:53.699+02:00,0
[B@44991413,[B@6ed12464,pages,5,7441,2022-09-22T14:10:56.000+02:00,0
[B@7d55e01d,[B@8e09962,pages,5,7442,2022-09-22T14:10:56.669+02:00,0
[B@4d53de1,[B@6340db1b,pages,5,7443,2022-09-22T14:10:56.996+02:00,0
[B@31c79a66,[B@3d603eb5,pages,5,7444,2022-09-22T14:11:02.943+02:00,0
[B@107726cd,[B@750aafdb,pages,5,7445,2022-09-22T14:11:03.595+02:00,0
[B@78131fb6,[B@443a1397,pages,5,7446,2022-09-22T14:11:03.923+02:00,0
[B@6d520493,[B@4d061a95,pages,5,7447,2022-09-22T14:11:14.580+02:00,0
[B@2d08422c,[B@39ba4ab1,pages,5,7448,2022-09-22T14:11:18.578+02:00,0
[B@44b1a789,[B@399ecf38,pages,5,7449,2022-09-22T14:11:25.885+02:00,0
[B@56e8e305,[B@3decd4ab,pages,5,7450,2022-09-22T14:11:27.519+02:00,0
[B@74a8b170,[B@3b0047d2,pages,5,7451,2022-09-22T14:11:28.188+02:00,0
[B@2a616b7c,[B@7173ab17,pages,5,7452,2022-09-22T14:11:31.530+02:00,0
[B@40e1b778,[B@79664661,pages,5,7453,2022-09-22T14:11:32.187+02:00,0
[B@587df8ba,[B@34bacbb1,pages,5,7454,2022-09-22T14:11:33.174+02:00,0
[B@792df029,[B@3233e423,pages,5,7455,2022-09-22T14:11:34.173+02:00,0
[B@53c72f7,[B@67b9c6a2,pages,5,7456,2022-09-22T14:11:35.501+02:00,0
[B@7103cec4,[B@5cbc3e3b,pages,5,7457,2022-09-22T14:11:35.832+02:00,0
[B@3a715491,[B@13d409ab,pages,5,7458,2022-09-22T14:11:38.814+02:00,0
[B@7c4e90fb,[B@41be24af,pages,5,7459,2022-09-22T14:11:43.109+02:00,0
[B@71db25d5,[B@42f1f314,pages,5,7460,2022-09-22T14:11:43.430+02:00,0
[B@4ab07af9,[B@7a9ba45c,pages,5,7461,2022-09-22T14:11:45.407+02:00,0
[B@5246d357,[B@1fe2e358,pages,5,7462,2022-09-22T14:11:55.640+02:00,0
[B@56cc25ef,[B@71d2c22e,pages,5,7463,2022-09-22T14:11:56.630+02:00,0
[B@156a7b28,[B@1d1aa2fe,pages,5,7464,2022-09-22T14:11:58.958+02:00,0
[B@2a4e0fef,[B@4d6a7b3a,pages,5,7465,2022-09-22T14:12:01.303+02:00,0
[B@b9fea84,[B@43daa45b,pages,5,7466,2022-09-22T14:12:03.278+02:00,0
[B@19b1fab8,[B@79cf11f,pages,5,7467,2022-09-22T14:12:03.937+02:00,0
[B@7323f0a2,[B@65cd7ae1,pages,5,7468,2022-09-22T14:12:04.607+02:00,0
[B@73bf28da,[B@134b3bbb,pages,5,7469,2022-09-22T14:12:07.915+02:00,0
[B@7f816f90,[B@719518f3,pages,5,7470,2022-09-22T14:12:12.554+02:00,0
[B@7be607e3,[B@31ba7dc7,pages,5,7471,2022-09-22T14:12:13.561+02:00,0
[B@45b3798f,[B@1cb8a34a,pages,5,7472,2022-09-22T14:12:14.884+02:00,0
[B@572a6621,[B@351c7d46,pages,5,7473,2022-09-22T14:12:15.207+02:00,0
[B@6bbd056b,[B@32c649a5,pages,5,7474,2022-09-22T14:12:17.864+02:00,0
[B@36d93ab2,[B@60f98762,pages,5,7475,2022-09-22T14:12:20.859+02:00,0
[B@636c504b,[B@63e7a6e2,pages,5,7476,2022-09-22T14:12:21.855+02:00,0
[B@1c141c86,[B@30fa4af1,pages,5,7477,2022-09-22T14:12:23.171+02:00,0
[B@3195aaad,[B@6f9bdacb,pages,5,7478,2022-09-22T14:12:24.156+02:00,0
[B@53d70b92,[B@31987edb,pages,5,7479,2022-09-22T14:12:26.134+02:00,0
[B@2d447a87,[B@1cb8b066,pages,5,7480,2022-09-22T14:12:26.799+02:00,0
[B@7758b3f8,[B@5c4656e,pages,5,7481,2022-09-22T14:12:29.139+02:00,0
[B@b5ab713,[B@52380d9e,pages,5,7482,2022-09-22T14:12:29.797+02:00,0
[B@60cdb352,[B@46044530,pages,5,7483,2022-09-22T14:12:30.805+02:00,0
[B@183880cc,[B@afe3aa8,pages,5,7484,2022-09-22T14:12:31.817+02:00,0
[B@7a44f86,[B@63eda787,pages,5,7485,2022-09-22T14:12:37.785+02:00,0
[B@3f8f75d6,[B@445f23f5,pages,5,7486,2022-09-22T14:12:38.115+02:00,0
[B@61a29c87,[B@6f7dceab,pages,5,7487,2022-09-22T14:12:47.797+02:00,0
[B@2b183757,[B@1665e94a,pages,5,7488,2022-09-22T14:12:50.112+02:00,0
[B@63d619a5,[B@62df8be2,pages,5,7489,2022-09-22T14:12:51.447+02:00,0
[B@817aa61,[B@31813d90,pages,5,7490,2022-09-22T14:12:53.787+02:00,0
[B@62490134,[B@7c571604,pages,5,7491,2022-09-22T14:12:54.440+02:00,0
[B@49a6ef4d,[B@71733654,pages,5,7492,2022-09-22T14:12:57.768+02:00,0
[B@5b19c9ef,[B@1fba03be,pages,5,7493,2022-09-22T14:13:02.395+02:00,0
[B@61184b83,[B@9b10062,pages,5,7494,2022-09-22T14:13:03.398+02:00,0
[B@1cf2f60a,[B@531ab1d9,pages,5,7495,2022-09-22T14:13:04.047+02:00,0
[B@707dbc6a,[B@71ce0017,pages,5,7496,2022-09-22T14:13:04.377+02:00,0
[B@7a87fa82,[B@7c150872,pages,5,7497,2022-09-22T14:13:05.030+02:00,0
[B@61966576,[B@60d90feb,pages,5,7498,2022-09-22T14:13:08.667+02:00,0
[B@254fba98,[B@714d60db,pages,5,7499,2022-09-22T14:13:09.006+02:00,0
[B@23a21651,[B@bacf399,pages,5,7500,2022-09-22T14:13:11.307+02:00,0
[B@53ef130e,[B@493efa10,pages,5,7501,2022-09-22T14:13:13.618+02:00,0
[B@7a9d7df8,[B@16c16909,pages,5,7502,2022-09-22T14:13:19.568+02:00,0
