[B@3f29b9ee,[B@4131403e,pages_per_customer,3,8216,2022-09-22T14:04:55.729+02:00,0
[B@4f5ec80f,[B@6bf641be,pages_per_customer,3,8217,2022-09-22T14:05:00.720+02:00,0
[B@19e263e7,[B@5299f055,pages_per_customer,3,8218,2022-09-22T14:05:03.043+02:00,0
[B@6b3e44b9,[B@321c03d1,pages_per_customer,3,8219,2022-09-22T14:05:03.376+02:00,0
[B@386bb32e,[B@256df72e,pages_per_customer,3,8220,2022-09-22T14:05:04.365+02:00,0
[B@3cef64b6,[B@6ebffa71,pages_per_customer,3,8221,2022-09-22T14:05:05.032+02:00,0
[B@b28d64b,[B@41b69487,pages_per_customer,3,8222,2022-09-22T14:05:07.693+02:00,0
[B@6bb92d3,[B@17c68c07,pages_per_customer,3,8223,2022-09-22T14:05:09.329+02:00,0
[B@5a919a3a,[B@2ff63f43,pages_per_customer,3,8224,2022-09-22T14:05:09.987+02:00,0
[B@75010d64,[B@56841177,pages_per_customer,3,8225,2022-09-22T14:05:14.627+02:00,0
[B@9211d7,[B@1e803aa1,pages_per_customer,3,8226,2022-09-22T14:05:20.635+02:00,0
[B@63977e38,[B@15eed494,pages_per_customer,3,8227,2022-09-22T14:05:25.281+02:00,0
[B@5626357,[B@1a281468,pages_per_customer,3,8228,2022-09-22T14:05:27.247+02:00,0
[B@4296dfab,[B@21bfe919,pages_per_customer,3,8229,2022-09-22T14:05:27.905+02:00,0
[B@37514ea2,[B@6d008774,pages_per_customer,3,8230,2022-09-22T14:05:29.565+02:00,0
[B@199f66f8,[B@47b6a3f3,pages_per_customer,3,8231,2022-09-22T14:05:38.887+02:00,0
[B@7aafd1f9,[B@13fdc2ff,pages_per_customer,3,8232,2022-09-22T14:05:39.551+02:00,0
[B@7137cede,[B@36c5230,pages_per_customer,3,8233,2022-09-22T14:05:43.200+02:00,0
[B@7487bbd,[B@7a5fbb91,pages_per_customer,3,8234,2022-09-22T14:05:47.152+02:00,0
[B@35d1cb3a,[B@54cdf262,pages_per_customer,3,8235,2022-09-22T14:05:48.127+02:00,0
[B@109cfed5,[B@17985c64,pages_per_customer,3,8236,2022-09-22T14:05:51.775+02:00,0
[B@2c2bcdb6,[B@174e74b3,pages_per_customer,3,8237,2022-09-22T14:05:53.100+02:00,0
[B@60534ad9,[B@35fd41cb,pages_per_customer,3,8238,2022-09-22T14:05:53.437+02:00,0
[B@47c96cbf,[B@23467319,pages_per_customer,3,8239,2022-09-22T14:05:55.400+02:00,0
[B@59b9e02a,[B@61501cf,pages_per_customer,3,8240,2022-09-22T14:05:56.063+02:00,0
[B@a353926,[B@1a7b4dc2,pages_per_customer,3,8241,2022-09-22T14:05:56.399+02:00,0
[B@c554617,[B@22e0352b,pages_per_customer,3,8242,2022-09-22T14:05:57.374+02:00,0
[B@13fc458,[B@41ea8ce0,pages_per_customer,3,8243,2022-09-22T14:06:00.670+02:00,0
[B@67a90f34,[B@44c33787,pages_per_customer,3,8244,2022-09-22T14:06:05.625+02:00,0
[B@3b213643,[B@2e39304b,pages_per_customer,3,8245,2022-09-22T14:06:05.962+02:00,0
[B@1465a17,[B@5ce42ab7,pages_per_customer,3,8246,2022-09-22T14:06:06.960+02:00,0
[B@6e458c46,[B@99942ad,pages_per_customer,3,8247,2022-09-22T14:06:07.615+02:00,0
[B@3a3c276b,[B@47701309,pages_per_customer,3,8248,2022-09-22T14:06:07.949+02:00,0
[B@595801d,[B@465a3628,pages_per_customer,3,8249,2022-09-22T14:06:09.921+02:00,0
[B@1d0656f7,[B@5a29f605,pages_per_customer,3,8250,2022-09-22T14:06:10.244+02:00,0
[B@73950035,[B@64699319,pages_per_customer,3,8251,2022-09-22T14:06:10.579+02:00,0
[B@4b77c08d,[B@5efb9e38,pages_per_customer,3,8252,2022-09-22T14:06:14.565+02:00,0
[B@5b4b97a,[B@2d6d138e,pages_per_customer,3,8253,2022-09-22T14:06:15.242+02:00,0
[B@586bcd06,[B@5a63926d,pages_per_customer,3,8254,2022-09-22T14:06:15.905+02:00,0
[B@7abc8f32,[B@3f080288,pages_per_customer,3,8255,2022-09-22T14:06:16.571+02:00,0
[B@390deb92,[B@7fbbf624,pages_per_customer,3,8256,2022-09-22T14:06:16.906+02:00,0
[B@616033fe,[B@1e837118,pages_per_customer,3,8257,2022-09-22T14:06:18.559+02:00,0
[B@48045821,[B@682e9dd3,pages_per_customer,3,8258,2022-09-22T14:06:20.532+02:00,0
[B@831bceb,[B@d3f0744,pages_per_customer,3,8259,2022-09-22T14:06:25.161+02:00,0
[B@67109392,[B@7b4c4aa6,pages_per_customer,3,8260,2022-09-22T14:06:26.840+02:00,0
[B@7e1f77c0,[B@bef4a60,pages_per_customer,3,8261,2022-09-22T14:06:28.471+02:00,0
[B@6800c48c,[B@7100aa50,pages_per_customer,3,8262,2022-09-22T14:06:32.118+02:00,0
[B@74a472c7,[B@5698a79,pages_per_customer,3,8263,2022-09-22T14:06:33.446+02:00,0
[B@6b230afc,[B@1f057fe2,pages_per_customer,3,8264,2022-09-22T14:06:34.764+02:00,0
[B@4860048f,[B@11375b8,pages_per_customer,3,8265,2022-09-22T14:06:35.084+02:00,0
[B@7214eb8c,[B@46da7043,pages_per_customer,3,8266,2022-09-22T14:06:43.623+02:00,0
[B@ed6406b,[B@14f24abc,pages_per_customer,3,8267,2022-09-22T14:06:44.293+02:00,0
[B@416f9b25,[B@54a2a323,pages_per_customer,3,8268,2022-09-22T14:06:44.619+02:00,0
[B@68cb74c4,[B@6e6a74cb,pages_per_customer,3,8269,2022-09-22T14:06:44.949+02:00,0
[B@53e17c90,[B@129b7674,pages_per_customer,3,8270,2022-09-22T14:06:45.626+02:00,0
[B@21c55db7,[B@1c34a968,pages_per_customer,3,8271,2022-09-22T14:06:46.968+02:00,0
[B@44694382,[B@d08a5ad,pages_per_customer,3,8272,2022-09-22T14:06:48.309+02:00,0
[B@6ab795e,[B@3fedef0a,pages_per_customer,3,8273,2022-09-22T14:06:48.957+02:00,0
[B@3116ce26,[B@79fb3064,pages_per_customer,3,8274,2022-09-22T14:06:51.259+02:00,0
[B@24c7d78c,[B@7402f9a1,pages_per_customer,3,8275,2022-09-22T14:06:51.915+02:00,0
[B@73626ef9,[B@53ba08e1,pages_per_customer,3,8276,2022-09-22T14:06:52.245+02:00,0
[B@49dbdead,[B@2a77f9c6,pages_per_customer,3,8277,2022-09-22T14:06:54.554+02:00,0
[B@4a025fd7,[B@49fcbb76,pages_per_customer,3,8278,2022-09-22T14:06:55.873+02:00,0
[B@5ec53a52,[B@4b695185,pages_per_customer,3,8279,2022-09-22T14:06:56.538+02:00,0
[B@134d53d8,[B@3f467dcc,pages_per_customer,3,8280,2022-09-22T14:06:56.868+02:00,0
[B@48a6c7dc,[B@49c24234,pages_per_customer,3,8281,2022-09-22T14:06:57.852+02:00,0
[B@30680b47,[B@3cccb89b,pages_per_customer,3,8282,2022-09-22T14:07:01.798+02:00,0
[B@42aa00f9,[B@1922297a,pages_per_customer,3,8283,2022-09-22T14:07:02.126+02:00,0
[B@69603b2a,[B@30314efd,pages_per_customer,3,8284,2022-09-22T14:07:06.770+02:00,0
[B@220e3dca,[B@2aefa908,pages_per_customer,3,8285,2022-09-22T14:07:07.767+02:00,0
[B@42be6e14,[B@78c28618,pages_per_customer,3,8286,2022-09-22T14:07:08.422+02:00,0
[B@2b7104a7,[B@7c014f28,pages_per_customer,3,8287,2022-09-22T14:07:09.728+02:00,0
[B@4d7e5072,[B@21e0ed83,pages_per_customer,3,8288,2022-09-22T14:07:11.734+02:00,0
[B@2178124,[B@7499e641,pages_per_customer,3,8289,2022-09-22T14:07:12.403+02:00,0
[B@4bdbd560,[B@6d71b56d,pages_per_customer,3,8290,2022-09-22T14:07:12.729+02:00,0
[B@53511746,[B@68414883,pages_per_customer,3,8291,2022-09-22T14:07:19.374+02:00,0
[B@7d24e03e,[B@1d9ee82a,pages_per_customer,3,8292,2022-09-22T14:07:19.698+02:00,0
[B@462e27f8,[B@24497aee,pages_per_customer,3,8293,2022-09-22T14:07:21.683+02:00,0
[B@7e364b49,[B@1403231d,pages_per_customer,3,8294,2022-09-22T14:07:23.983+02:00,0
[B@2325c782,[B@4cd44702,pages_per_customer,3,8295,2022-09-22T14:07:25.634+02:00,0
[B@7431d2,[B@de2e10a,pages_per_customer,3,8296,2022-09-22T14:07:32.980+02:00,0
[B@763ee3,[B@6ef485b8,pages_per_customer,3,8297,2022-09-22T14:07:34.632+02:00,0
[B@4fafd315,[B@55df915b,pages_per_customer,3,8298,2022-09-22T14:07:37.937+02:00,0
[B@64ef3c25,[B@2efcbc45,pages_per_customer,3,8299,2022-09-22T14:07:38.270+02:00,0
[B@1f7af5f4,[B@3686fa09,pages_per_customer,3,8300,2022-09-22T14:07:42.556+02:00,0
[B@2b15e6e8,[B@60c0795b,pages_per_customer,3,8301,2022-09-22T14:07:44.892+02:00,0
[B@285df5e2,[B@290a1452,pages_per_customer,3,8302,2022-09-22T14:07:45.548+02:00,0
[B@2d2c953d,[B@4e453b62,pages_per_customer,3,8303,2022-09-22T14:07:47.543+02:00,0
[B@97025ad,[B@70a11855,pages_per_customer,3,8304,2022-09-22T14:07:51.187+02:00,0
[B@396dfe01,[B@5e945c65,pages_per_customer,3,8305,2022-09-22T14:07:52.497+02:00,0
[B@56c15757,[B@2e5a9e6a,pages_per_customer,3,8306,2022-09-22T14:07:57.113+02:00,0
[B@7811f056,[B@41aec45,pages_per_customer,3,8307,2022-09-22T14:07:58.113+02:00,0
[B@58bd687e,[B@22ee04cd,pages_per_customer,3,8308,2022-09-22T14:07:58.447+02:00,0
[B@550ac386,[B@62165a6,pages_per_customer,3,8309,2022-09-22T14:07:59.776+02:00,0
[B@356c1384,[B@6776b188,pages_per_customer,3,8310,2022-09-22T14:08:04.435+02:00,0
[B@64e34813,[B@69621d7c,pages_per_customer,3,8311,2022-09-22T14:08:06.096+02:00,0
[B@3cc7c3e7,[B@6e6fdf06,pages_per_customer,3,8312,2022-09-22T14:08:06.425+02:00,0
[B@10b2b108,[B@69c2d79f,pages_per_customer,3,8313,2022-09-22T14:08:09.734+02:00,0
[B@6b98f9bb,[B@7b9f9c21,pages_per_customer,3,8314,2022-09-22T14:08:10.394+02:00,0
[B@7ea058ab,[B@1a106cf,pages_per_customer,3,8315,2022-09-22T14:08:14.385+02:00,0
[B@2dd87261,[B@2a219d6f,pages_per_customer,3,8316,2022-09-22T14:08:14.710+02:00,0
[B@5638ed80,[B@5fa61ef6,pages_per_customer,3,8317,2022-09-22T14:08:16.022+02:00,0
[B@31033419,[B@176f1db3,pages_per_customer,3,8318,2022-09-22T14:08:17.361+02:00,0
[B@62ab633,[B@699459ae,pages_per_customer,3,8319,2022-09-22T14:08:17.708+02:00,0
[B@411f0b79,[B@2e72046c,pages_per_customer,3,8320,2022-09-22T14:08:22.010+02:00,0
[B@7d3aa4bf,[B@36a8db9f,pages_per_customer,3,8321,2022-09-22T14:08:22.662+02:00,0
[B@f554af0,[B@313a7e12,pages_per_customer,3,8322,2022-09-22T14:08:23.969+02:00,0
[B@198d3bd6,[B@69097f5b,pages_per_customer,3,8323,2022-09-22T14:08:24.293+02:00,0
[B@4caeba40,[B@2e868729,pages_per_customer,3,8324,2022-09-22T14:08:24.630+02:00,0
[B@5e255aa4,[B@7cf4159c,pages_per_customer,3,8325,2022-09-22T14:08:26.595+02:00,0
[B@4531ccf8,[B@5f94b4b8,pages_per_customer,3,8326,2022-09-22T14:08:27.264+02:00,0
[B@2b903594,[B@77948d8f,pages_per_customer,3,8327,2022-09-22T14:08:28.575+02:00,0
[B@3c09c989,[B@46c28bc4,pages_per_customer,3,8328,2022-09-22T14:08:31.555+02:00,0
[B@6cd43a1d,[B@3f7f2afd,pages_per_customer,3,8329,2022-09-22T14:08:32.232+02:00,0
[B@4d48f91a,[B@1f06d7dc,pages_per_customer,3,8330,2022-09-22T14:08:34.229+02:00,0
[B@524f02f3,[B@1421e285,pages_per_customer,3,8331,2022-09-22T14:08:36.196+02:00,0
[B@1e2b4932,[B@37bad51c,pages_per_customer,3,8332,2022-09-22T14:08:36.533+02:00,0
[B@1dc80182,[B@6e6ed74,pages_per_customer,3,8333,2022-09-22T14:08:38.517+02:00,0
[B@42404643,[B@23336922,pages_per_customer,3,8334,2022-09-22T14:08:38.856+02:00,0
[B@7e2ab8d7,[B@4f16672b,pages_per_customer,3,8335,2022-09-22T14:08:44.481+02:00,0
[B@f2442d4,[B@37e6406b,pages_per_customer,3,8336,2022-09-22T14:08:44.817+02:00,0
[B@1ca1ba40,[B@6072a9c0,pages_per_customer,3,8337,2022-09-22T14:08:45.156+02:00,0
[B@4d6d65f8,[B@480d8126,pages_per_customer,3,8338,2022-09-22T14:08:50.189+02:00,0
[B@596f41dd,[B@2c26df99,pages_per_customer,3,8339,2022-09-22T14:08:52.147+02:00,0
[B@ac23d40,[B@2ee2998f,pages_per_customer,3,8340,2022-09-22T14:08:53.461+02:00,0
[B@da04427,[B@1760981d,pages_per_customer,3,8341,2022-09-22T14:08:54.791+02:00,0
[B@cd39f8c,[B@36475178,pages_per_customer,3,8342,2022-09-22T14:09:01.075+02:00,0
[B@3949baeb,[B@2a7a6daf,pages_per_customer,3,8343,2022-09-22T14:09:02.414+02:00,0
[B@3ac5a893,[B@3685f222,pages_per_customer,3,8344,2022-09-22T14:09:03.400+02:00,0
[B@426f98fb,[B@3b01820c,pages_per_customer,3,8345,2022-09-22T14:09:05.377+02:00,0
[B@2c9724cf,[B@351ac79d,pages_per_customer,3,8346,2022-09-22T14:09:07.365+02:00,0
[B@b0c2985,[B@3caacb0a,pages_per_customer,3,8347,2022-09-22T14:09:08.033+02:00,0
[B@290e210c,[B@4acb2d9f,pages_per_customer,3,8348,2022-09-22T14:09:09.359+02:00,0
[B@20617542,[B@4af918df,pages_per_customer,3,8349,2022-09-22T14:09:12.660+02:00,0
[B@12a756cd,[B@19326d3,pages_per_customer,3,8350,2022-09-22T14:09:14.626+02:00,0
[B@2a7398c6,[B@28ce52b7,pages_per_customer,3,8351,2022-09-22T14:09:15.619+02:00,0
[B@f7785d,[B@184a632e,pages_per_customer,3,8352,2022-09-22T14:09:15.941+02:00,0
[B@2ec97d49,[B@74c8c9cd,pages_per_customer,3,8353,2022-09-22T14:09:16.274+02:00,0
[B@4f466299,[B@45e3b4c,pages_per_customer,3,8354,2022-09-22T14:09:19.573+02:00,0
[B@61183dbb,[B@53ac06f4,pages_per_customer,3,8355,2022-09-22T14:09:21.565+02:00,0
[B@2f02e4b2,[B@5af33e45,pages_per_customer,3,8356,2022-09-22T14:09:22.884+02:00,0
[B@7a262545,[B@490e1753,pages_per_customer,3,8357,2022-09-22T14:09:23.204+02:00,0
[B@71115db4,[B@32d354c5,pages_per_customer,3,8358,2022-09-22T14:09:26.497+02:00,0
[B@799453d7,[B@40996739,pages_per_customer,3,8359,2022-09-22T14:09:27.488+02:00,0
[B@3b1e7e63,[B@13c360b9,pages_per_customer,3,8360,2022-09-22T14:09:29.821+02:00,0
[B@481283fd,[B@43b99569,pages_per_customer,3,8361,2022-09-22T14:09:31.820+02:00,0
[B@b1c061b,[B@3d27969,pages_per_customer,3,8362,2022-09-22T14:09:34.121+02:00,0
[B@5f830f85,[B@509edbc1,pages_per_customer,3,8363,2022-09-22T14:09:35.760+02:00,0
[B@3bd93317,[B@2bd00c34,pages_per_customer,3,8364,2022-09-22T14:09:40.417+02:00,0
[B@6ce8c1ec,[B@4a8e5f63,pages_per_customer,3,8365,2022-09-22T14:09:40.748+02:00,0
[B@38bd9cae,[B@13278621,pages_per_customer,3,8366,2022-09-22T14:09:49.023+02:00,0
[B@39eac208,[B@1a7f711,pages_per_customer,3,8367,2022-09-22T14:09:52.353+02:00,0
[B@552b4367,[B@7a12c16d,pages_per_customer,3,8368,2022-09-22T14:09:55.009+02:00,0
[B@1587a6a5,[B@2ba6d47b,pages_per_customer,3,8369,2022-09-22T14:09:56.672+02:00,0
[B@24198a13,[B@486c3e54,pages_per_customer,3,8370,2022-09-22T14:10:01.315+02:00,0
[B@60760b72,[B@7dee1e0b,pages_per_customer,3,8371,2022-09-22T14:10:01.975+02:00,0
[B@154f4ab7,[B@3cf858d4,pages_per_customer,3,8372,2022-09-22T14:10:02.294+02:00,0
[B@6c85f9a2,[B@6196bc7f,pages_per_customer,3,8373,2022-09-22T14:10:02.965+02:00,0
[B@e634808,[B@70238fe8,pages_per_customer,3,8374,2022-09-22T14:10:06.274+02:00,0
[B@33a820a7,[B@678907e9,pages_per_customer,3,8375,2022-09-22T14:10:07.288+02:00,0
[B@73be3018,[B@1f8ebd48,pages_per_customer,3,8376,2022-09-22T14:10:08.935+02:00,0
[B@6dd11b06,[B@42c8ef1a,pages_per_customer,3,8377,2022-09-22T14:10:09.266+02:00,0
[B@40f439ab,[B@2a7ab800,pages_per_customer,3,8378,2022-09-22T14:10:09.600+02:00,0
[B@4f969f62,[B@4aa309b5,pages_per_customer,3,8379,2022-09-22T14:10:09.923+02:00,0
[B@2bfb582b,[B@54be5fec,pages_per_customer,3,8380,2022-09-22T14:10:10.247+02:00,0
[B@2fa8a796,[B@7d14fd77,pages_per_customer,3,8381,2022-09-22T14:10:10.569+02:00,0
[B@cdfd8fe,[B@2ab8a7b6,pages_per_customer,3,8382,2022-09-22T14:10:15.203+02:00,0
[B@40c62160,[B@1a63834a,pages_per_customer,3,8383,2022-09-22T14:10:16.900+02:00,0
[B@6889a0d0,[B@7e33f60,pages_per_customer,3,8384,2022-09-22T14:10:21.870+02:00,0
[B@76dfc3dd,[B@7020679f,pages_per_customer,3,8385,2022-09-22T14:10:23.837+02:00,0
[B@558ad66b,[B@4b0ceb85,pages_per_customer,3,8386,2022-09-22T14:10:24.503+02:00,0
[B@43450812,[B@30aa937a,pages_per_customer,3,8387,2022-09-22T14:10:24.839+02:00,0
[B@3310228a,[B@1f6ca7ae,pages_per_customer,3,8388,2022-09-22T14:10:28.500+02:00,0
[B@748229c9,[B@10d75560,pages_per_customer,3,8389,2022-09-22T14:10:31.860+02:00,0
[B@22e12182,[B@584aa3a7,pages_per_customer,3,8390,2022-09-22T14:10:32.197+02:00,0
[B@3de31506,[B@17352b8f,pages_per_customer,3,8391,2022-09-22T14:10:32.528+02:00,0
[B@3cf3f5da,[B@31293e78,pages_per_customer,3,8392,2022-09-22T14:10:33.200+02:00,0
[B@14c7467e,[B@2a107e3a,pages_per_customer,3,8393,2022-09-22T14:10:38.446+02:00,0
[B@9ee1387,[B@71cc363c,pages_per_customer,3,8394,2022-09-22T14:10:39.768+02:00,0
[B@5f166acd,[B@76de3ebb,pages_per_customer,3,8395,2022-09-22T14:10:41.749+02:00,0
[B@fd579cc,[B@1f38c3dc,pages_per_customer,3,8396,2022-09-22T14:10:44.738+02:00,0
[B@731482f4,[B@743841cb,pages_per_customer,3,8397,2022-09-22T14:10:45.064+02:00,0
[B@50074d99,[B@9f84266,pages_per_customer,3,8398,2022-09-22T14:10:45.386+02:00,0
[B@5e2c728f,[B@68ac5698,pages_per_customer,3,8399,2022-09-22T14:10:45.717+02:00,0
[B@2ada591,[B@490d2cd0,pages_per_customer,3,8400,2022-09-22T14:10:46.049+02:00,0
[B@74888774,[B@7e1a17eb,pages_per_customer,3,8401,2022-09-22T14:10:46.376+02:00,0
[B@1174b494,[B@31bf61c6,pages_per_customer,3,8402,2022-09-22T14:10:47.713+02:00,0
[B@1bcf3a2,[B@2fb70931,pages_per_customer,3,8403,2022-09-22T14:10:49.043+02:00,0
[B@1b53c847,[B@51282bba,pages_per_customer,3,8404,2022-09-22T14:10:49.709+02:00,0
[B@376ff3de,[B@20069a83,pages_per_customer,3,8405,2022-09-22T14:10:51.348+02:00,0
[B@25927f34,[B@3577e5c7,pages_per_customer,3,8406,2022-09-22T14:10:51.685+02:00,0
[B@7d4e11b4,[B@69885e1c,pages_per_customer,3,8407,2022-09-22T14:10:52.703+02:00,0
[B@5fd5f7c6,[B@55066826,pages_per_customer,3,8408,2022-09-22T14:10:53.031+02:00,0
[B@58481083,[B@739bcd28,pages_per_customer,3,8409,2022-09-22T14:10:53.369+02:00,0
[B@3806f5a,[B@65a17054,pages_per_customer,3,8410,2022-09-22T14:10:56.336+02:00,0
[B@7df5b86b,[B@50aad870,pages_per_customer,3,8411,2022-09-22T14:10:57.657+02:00,0
[B@50509780,[B@3e1d6e0e,pages_per_customer,3,8412,2022-09-22T14:11:00.303+02:00,0
[B@6e7bbf46,[B@681483a1,pages_per_customer,3,8413,2022-09-22T14:11:00.648+02:00,0
[B@3c2cf5b4,[B@69949121,pages_per_customer,3,8414,2022-09-22T14:11:01.300+02:00,0
[B@5aa692da,[B@16630ba4,pages_per_customer,3,8415,2022-09-22T14:11:04.252+02:00,0
[B@4d39dd89,[B@e94096,pages_per_customer,3,8416,2022-09-22T14:11:05.592+02:00,0
[B@6e373213,[B@60073a5a,pages_per_customer,3,8417,2022-09-22T14:11:06.606+02:00,0
[B@63d16646,[B@2976675a,pages_per_customer,3,8418,2022-09-22T14:11:07.951+02:00,0
[B@7e867fcd,[B@278a5fad,pages_per_customer,3,8419,2022-09-22T14:11:09.286+02:00,0
[B@4f01ee4c,[B@55571c41,pages_per_customer,3,8420,2022-09-22T14:11:09.612+02:00,0
[B@18e27931,[B@6de02ab7,pages_per_customer,3,8421,2022-09-22T14:11:10.273+02:00,0
[B@2dd3cac9,[B@408b7e26,pages_per_customer,3,8422,2022-09-22T14:11:10.602+02:00,0
[B@4b2bacf7,[B@277292b7,pages_per_customer,3,8423,2022-09-22T14:11:11.600+02:00,0
[B@14c49112,[B@fa5a7e2,pages_per_customer,3,8424,2022-09-22T14:11:11.934+02:00,0
[B@197ffef5,[B@2a2b2047,pages_per_customer,3,8425,2022-09-22T14:11:12.270+02:00,0
[B@1a576811,[B@38ef460e,pages_per_customer,3,8426,2022-09-22T14:11:12.600+02:00,0
[B@5e019fb0,[B@2d5ba52f,pages_per_customer,3,8427,2022-09-22T14:11:12.931+02:00,0
[B@ced5775,[B@4e70afd0,pages_per_customer,3,8428,2022-09-22T14:11:16.923+02:00,0
[B@1cde55b1,[B@6c5ce9d8,pages_per_customer,3,8429,2022-09-22T14:11:17.246+02:00,0
[B@aec4dd9,[B@41a97d7b,pages_per_customer,3,8430,2022-09-22T14:11:18.241+02:00,0
[B@2fb4cb22,[B@242de525,pages_per_customer,3,8431,2022-09-22T14:11:20.230+02:00,0
[B@4c47e6fc,[B@468f18aa,pages_per_customer,3,8432,2022-09-22T14:11:20.557+02:00,0
[B@4f6b2682,[B@424e687,pages_per_customer,3,8433,2022-09-22T14:11:21.901+02:00,0
[B@77a790f9,[B@49d38cef,pages_per_customer,3,8434,2022-09-22T14:11:22.899+02:00,0
[B@5f9afc61,[B@7ca929cb,pages_per_customer,3,8435,2022-09-22T14:11:24.566+02:00,0
[B@37424eff,[B@62a3080c,pages_per_customer,3,8436,2022-09-22T14:11:24.894+02:00,0
[B@6ad289cd,[B@5f80122d,pages_per_customer,3,8437,2022-09-22T14:11:26.535+02:00,0
[B@7a908a94,[B@91ea2,pages_per_customer,3,8438,2022-09-22T14:11:28.519+02:00,0
[B@7e6b738f,[B@21a51715,pages_per_customer,3,8439,2022-09-22T14:11:30.537+02:00,0
[B@5f1fed9f,[B@172b04d0,pages_per_customer,3,8440,2022-09-22T14:11:31.196+02:00,0
[B@32f9fab1,[B@3b6d5e44,pages_per_customer,3,8441,2022-09-22T14:11:32.516+02:00,0
[B@1b3e2fa3,[B@547cb590,pages_per_customer,3,8442,2022-09-22T14:11:38.156+02:00,0
[B@29adf1dc,[B@78e315d3,pages_per_customer,3,8443,2022-09-22T14:11:42.093+02:00,0
[B@12ca7e5b,[B@232b89a7,pages_per_customer,3,8444,2022-09-22T14:11:43.755+02:00,0
[B@654eaf0f,[B@5e373f8,pages_per_customer,3,8445,2022-09-22T14:11:46.071+02:00,0
[B@441aedb9,[B@3b83222c,pages_per_customer,3,8446,2022-09-22T14:11:49.728+02:00,0
[B@2b25c484,[B@35471eab,pages_per_customer,3,8447,2022-09-22T14:11:54.331+02:00,0
[B@26235a9f,[B@4939e35,pages_per_customer,3,8448,2022-09-22T14:11:55.314+02:00,0
[B@1176bc7,[B@c289f08,pages_per_customer,3,8449,2022-09-22T14:11:55.969+02:00,0
[B@3063dbb0,[B@281989bf,pages_per_customer,3,8450,2022-09-22T14:11:57.634+02:00,0
[B@12ea9628,[B@5af28ba2,pages_per_customer,3,8451,2022-09-22T14:11:59.962+02:00,0
[B@74626517,[B@10d24e55,pages_per_customer,3,8452,2022-09-22T14:12:00.289+02:00,0
[B@564fd1b1,[B@182eef41,pages_per_customer,3,8453,2022-09-22T14:12:00.965+02:00,0
[B@7f036b8e,[B@7da132dd,pages_per_customer,3,8454,2022-09-22T14:12:07.594+02:00,0
[B@554bb681,[B@3af01f8e,pages_per_customer,3,8455,2022-09-22T14:12:08.908+02:00,0
[B@5e4b5c45,[B@2a88aa8b,pages_per_customer,3,8456,2022-09-22T14:12:09.239+02:00,0
[B@22ffeee5,[B@1849995b,pages_per_customer,3,8457,2022-09-22T14:12:16.218+02:00,0
[B@1c644763,[B@73d77a96,pages_per_customer,3,8458,2022-09-22T14:12:16.547+02:00,0
[B@2e022acf,[B@7ad5fd15,pages_per_customer,3,8459,2022-09-22T14:12:16.878+02:00,0
[B@4434e273,[B@c7f23a9,pages_per_customer,3,8460,2022-09-22T14:12:21.192+02:00,0
[B@339424bb,[B@66fc5a89,pages_per_customer,3,8461,2022-09-22T14:12:22.837+02:00,0
[B@5381b5f,[B@70af123a,pages_per_customer,3,8462,2022-09-22T14:12:28.454+02:00,0
[B@620c4168,[B@662067b2,pages_per_customer,3,8463,2022-09-22T14:12:30.141+02:00,0
[B@23077aca,[B@2bb18252,pages_per_customer,3,8464,2022-09-22T14:12:34.136+02:00,0
[B@2b36914d,[B@4ece7e6e,pages_per_customer,3,8465,2022-09-22T14:12:34.472+02:00,0
[B@56079c57,[B@718337d7,pages_per_customer,3,8466,2022-09-22T14:12:37.453+02:00,0
[B@6ea06c53,[B@532052e7,pages_per_customer,3,8467,2022-09-22T14:12:39.777+02:00,0
[B@392f89f0,[B@51fa3c8d,pages_per_customer,3,8468,2022-09-22T14:12:41.097+02:00,0
[B@3c551015,[B@6d33da12,pages_per_customer,3,8469,2022-09-22T14:12:41.425+02:00,0
[B@2816be4d,[B@2808f196,pages_per_customer,3,8470,2022-09-22T14:12:42.428+02:00,0
[B@3cc9993a,[B@4fd937fb,pages_per_customer,3,8471,2022-09-22T14:12:49.140+02:00,0
[B@52a01c9b,[B@3d4bd318,pages_per_customer,3,8472,2022-09-22T14:12:50.783+02:00,0
[B@4d3b9dc2,[B@4b5b1d71,pages_per_customer,3,8473,2022-09-22T14:12:55.447+02:00,0
[B@194d9445,[B@7afd5767,pages_per_customer,3,8474,2022-09-22T14:12:56.114+02:00,0
[B@6bb90077,[B@789a38e4,pages_per_customer,3,8475,2022-09-22T14:12:56.448+02:00,0
[B@d00640e,[B@1dd64ca6,pages_per_customer,3,8476,2022-09-22T14:12:57.108+02:00,0
[B@3e4f5dd3,[B@17bb0fe6,pages_per_customer,3,8477,2022-09-22T14:12:58.104+02:00,0
[B@1995390b,[B@3609f5e3,pages_per_customer,3,8478,2022-09-22T14:12:58.755+02:00,0
[B@726c9734,[B@3d6772a0,pages_per_customer,3,8479,2022-09-22T14:12:59.416+02:00,0
[B@d8a4966,[B@745513d9,pages_per_customer,3,8480,2022-09-22T14:12:59.741+02:00,0
[B@6216ef50,[B@64e263c0,pages_per_customer,3,8481,2022-09-22T14:13:00.726+02:00,0
[B@3bfcd743,[B@676bd03e,pages_per_customer,3,8482,2022-09-22T14:13:06.019+02:00,0
[B@32d2cfec,[B@45595615,pages_per_customer,3,8483,2022-09-22T14:13:06.690+02:00,0
[B@1842d732,[B@21111e24,pages_per_customer,3,8484,2022-09-22T14:13:07.679+02:00,0
[B@5180845,[B@a7e1f0d,pages_per_customer,3,8485,2022-09-22T14:13:10.320+02:00,0
[B@48bb237,[B@2d427cbc,pages_per_customer,3,8486,2022-09-22T14:13:14.269+02:00,0
[B@68dd1371,[B@1221ef10,pages_per_customer,3,8487,2022-09-22T14:13:15.280+02:00,0
[B@4be2fd69,[B@75fbdf35,pages_per_customer,3,8488,2022-09-22T14:13:16.602+02:00,0
[B@753d0c60,[B@687924b8,pages_per_customer,3,8489,2022-09-22T14:13:16.934+02:00,0
[B@34ac856b,[B@1f05f6bc,pages_per_customer,3,8490,2022-09-22T14:13:17.582+02:00,0
[B@246b730,[B@233b1f24,pages_per_customer,3,8491,2022-09-22T14:13:17.923+02:00,0
[B@73ec51f5,[B@43ece922,pages_per_customer,3,8492,2022-09-22T14:13:18.251+02:00,0
